id_audiencia,genero,quantidade_participantes_do_genero_na_audiencia,porcentagem_participantes_do_genero_sobre_total_participantes_audiencia,porcentagem_falas_do_genero_sobre_total_falas_audiencia,porcentagem_palavras_do_genero_sobre_total_palavras_audiencia
1,feminino,2,0.11764705882352941,0.03076923076923077,0.04451404220362479
1,masculino,15,0.8823529411764706,0.9692307692307692,0.9554859577963752
2,feminino,1,0.04,0.032,0.01828396662345002
2,masculino,24,0.96,0.968,0.98171603337655
3,feminino,3,0.17647058823529413,0.057971014492753624,0.04840327704397258
3,masculino,14,0.8235294117647058,0.9420289855072463,0.9515967229560274
4,masculino,3,1.0,1.0,1.0
5,feminino,10,0.5882352941176471,0.5961538461538461,0.5973674720519293
5,masculino,7,0.4117647058823529,0.40384615384615385,0.4026325279480707
6,feminino,3,0.13043478260869565,0.11136085002043318,0.0632095655474654
6,masculino,20,0.8695652173913043,0.8886391499795668,0.9367904344525346
7,masculino,13,1.0,1.0,1.0
8,masculino,4,1.0,1.0,1.0
9,feminino,3,0.6,0.36363636363636365,0.5859060402684564
9,masculino,2,0.4,0.6363636363636364,0.4140939597315436
10,masculino,16,1.0,1.0,1.0
11,feminino,2,0.2222222222222222,0.16129032258064516,0.3177104935711323
11,masculino,7,0.7777777777777778,0.8387096774193549,0.6822895064288677
12,feminino,10,0.7142857142857143,0.8095238095238095,0.7758649980180078
12,masculino,4,0.2857142857142857,0.19047619047619047,0.22413500198199218
13,feminino,5,0.2777777777777778,0.14754098360655737,0.12723222437278603
13,masculino,13,0.7222222222222222,0.8524590163934426,0.872767775627214
14,feminino,3,0.2727272727272727,0.29411764705882354,0.22809888879317772
14,masculino,8,0.7272727272727273,0.7058823529411765,0.7719011112068223
15,feminino,2,0.13333333333333333,0.3951612903225806,0.17764655937632665
15,masculino,13,0.8666666666666667,0.6048387096774194,0.8223534406236733
16,feminino,3,0.12,0.38202247191011235,0.13058168203817003
16,masculino,22,0.88,0.6179775280898876,0.86941831796183
17,feminino,1,0.08333333333333333,0.02040816326530612,0.03927972059690661
17,masculino,11,0.9166666666666666,0.9795918367346939,0.9607202794030933
18,feminino,5,0.5,0.7878787878787878,0.6603275541424201
18,masculino,5,0.5,0.21212121212121213,0.33967244585757994
19,feminino,1,0.1,0.037037037037037035,0.11661380824591364
19,masculino,9,0.9,0.9629629629629629,0.8833861917540864
20,feminino,5,0.5,0.7142857142857143,0.5687695190505934
20,masculino,5,0.5,0.2857142857142857,0.43123048094940664
21,feminino,7,0.4666666666666667,0.2765957446808511,0.508141962421712
21,masculino,8,0.5333333333333333,0.723404255319149,0.4918580375782881
22,feminino,1,0.16666666666666666,0.1891891891891892,0.14268207282913165
22,masculino,5,0.8333333333333334,0.8108108108108109,0.8573179271708683
23,masculino,11,1.0,1.0,1.0
24,feminino,6,0.35294117647058826,0.6666666666666666,0.47122681811328343
24,masculino,11,0.6470588235294118,0.3333333333333333,0.5287731818867166
25,feminino,3,0.1111111111111111,0.03529411764705882,0.04399036652366975
25,masculino,24,0.8888888888888888,0.9647058823529412,0.9560096334763303
26,feminino,7,0.875,0.9473684210526315,0.9121252867199241
26,masculino,1,0.125,0.05263157894736842,0.08787471328007593
27,feminino,1,0.09090909090909091,0.01694915254237288,0.005944476063997976
27,masculino,10,0.9090909090909091,0.9830508474576272,0.994055523936002
28,feminino,1,0.14285714285714285,0.05128205128205128,0.04771371769383698
28,masculino,6,0.8571428571428571,0.9487179487179487,0.952286282306163
29,feminino,5,0.3125,0.16071428571428573,0.30912756082696546
29,masculino,11,0.6875,0.8392857142857143,0.6908724391730345
30,feminino,3,0.42857142857142855,0.7083333333333334,0.5260792591583822
30,masculino,4,0.5714285714285714,0.2916666666666667,0.4739207408416179
31,feminino,9,0.6428571428571429,0.78125,0.6964009977431999
31,masculino,5,0.35714285714285715,0.21875,0.3035990022568001
32,feminino,7,0.5833333333333334,0.71875,0.5343876958792804
32,masculino,5,0.4166666666666667,0.28125,0.4656123041207197
33,feminino,2,0.2857142857142857,0.20689655172413793,0.3089499410079218
33,masculino,5,0.7142857142857143,0.7931034482758621,0.6910500589920782
34,feminino,7,0.6363636363636364,0.34146341463414637,0.6062876254180602
34,masculino,4,0.36363636363636365,0.6585365853658537,0.3937123745819398
35,feminino,4,0.26666666666666666,0.49056603773584906,0.3115331270671077
35,masculino,11,0.7333333333333333,0.5094339622641509,0.6884668729328923
36,feminino,2,0.10526315789473684,0.045454545454545456,0.049750808778525835
36,masculino,17,0.8947368421052632,0.9545454545454546,0.9502491912214741
37,feminino,1,0.2,0.058823529411764705,0.16461412151067323
37,masculino,4,0.8,0.9411764705882353,0.8353858784893268
38,feminino,2,0.2,0.14634146341463414,0.19387947269303202
38,masculino,8,0.8,0.8536585365853658,0.806120527306968
39,feminino,2,0.125,0.07692307692307693,0.11216508570477617
39,masculino,14,0.875,0.9230769230769231,0.8878349142952239
40,feminino,1,0.08333333333333333,0.04938271604938271,0.03420966305825015
40,masculino,11,0.9166666666666666,0.9506172839506173,0.9657903369417499
41,feminino,3,0.375,0.21052631578947367,0.39028196857767145
41,masculino,5,0.625,0.7894736842105263,0.6097180314223286
42,feminino,7,0.3333333333333333,0.22033898305084745,0.5100337417865388
42,masculino,14,0.6666666666666666,0.7796610169491526,0.4899662582134612
43,feminino,2,0.2222222222222222,0.417910447761194,0.2685240617084964
43,masculino,7,0.7777777777777778,0.582089552238806,0.7314759382915036
44,feminino,3,0.16666666666666666,0.07042253521126761,0.26488226325597153
44,masculino,15,0.8333333333333334,0.9295774647887324,0.7351177367440285
45,feminino,3,0.23076923076923078,0.08703703703703704,0.059793440840732015
45,masculino,10,0.7692307692307693,0.912962962962963,0.940206559159268
46,feminino,2,0.25,0.14285714285714285,0.28902388797364087
46,masculino,6,0.75,0.8571428571428571,0.7109761120263591
47,feminino,2,0.2222222222222222,0.225,0.08762761302868255
47,masculino,7,0.7777777777777778,0.775,0.9123723869713175
48,feminino,8,0.4444444444444444,0.2,0.36615437158469943
48,masculino,10,0.5555555555555556,0.8,0.6338456284153006
49,feminino,2,0.25,0.5,0.34293779811155456
49,masculino,6,0.75,0.5,0.6570622018884454
50,feminino,4,0.4444444444444444,0.5483870967741935,0.31952611553095817
50,masculino,5,0.5555555555555556,0.45161290322580644,0.6804738844690419
51,feminino,10,0.4,0.6935483870967742,0.43282131051915224
51,masculino,15,0.6,0.3064516129032258,0.5671786894808477
52,feminino,5,0.5555555555555556,0.3142857142857143,0.5892665952890792
52,masculino,4,0.4444444444444444,0.6857142857142857,0.4107334047109208
53,feminino,8,0.47058823529411764,0.6363636363636364,0.5811382113821139
53,masculino,9,0.5294117647058824,0.36363636363636365,0.4188617886178862
54,feminino,1,0.25,0.1875,0.3247846889952153
54,masculino,3,0.75,0.8125,0.6752153110047847
55,feminino,10,0.5,0.7674418604651163,0.5553581400071069
55,masculino,10,0.5,0.23255813953488372,0.444641859992893
56,feminino,1,0.125,0.1111111111111111,0.16673852123302435
56,masculino,7,0.875,0.8888888888888888,0.8332614787669756
57,feminino,7,0.5,0.45,0.5200937709310114
57,masculino,7,0.5,0.55,0.4799062290689886
58,feminino,6,0.46153846153846156,0.6794871794871795,0.5408083948698018
58,masculino,7,0.5384615384615384,0.32051282051282054,0.4591916051301982
59,feminino,2,0.2857142857142857,0.08695652173913043,0.20464679652663695
59,masculino,5,0.7142857142857143,0.9130434782608695,0.795353203473363
60,feminino,2,0.2857142857142857,0.2641509433962264,0.3155854941404448
60,masculino,5,0.7142857142857143,0.7358490566037735,0.6844145058595552
61,feminino,1,0.1111111111111111,0.10526315789473684,0.14981527557867752
61,masculino,8,0.8888888888888888,0.8947368421052632,0.8501847244213224
62,feminino,6,0.8571428571428571,0.9333333333333333,0.8277223125145112
62,masculino,1,0.14285714285714285,0.06666666666666667,0.17227768748548875
63,feminino,5,0.5555555555555556,0.3125,0.34375231464335976
63,masculino,4,0.4444444444444444,0.6875,0.6562476853566402
64,feminino,3,0.3333333333333333,0.14705882352941177,0.14906537622165292
64,masculino,6,0.6666666666666666,0.8529411764705882,0.850934623778347
65,feminino,4,0.4444444444444444,0.21052631578947367,0.3817481518295335
65,masculino,5,0.5555555555555556,0.7894736842105263,0.6182518481704665
66,feminino,3,0.5,0.33962264150943394,0.31510594668489406
66,masculino,3,0.5,0.660377358490566,0.684894053315106
67,feminino,2,0.3333333333333333,0.19047619047619047,0.1999069117989295
67,masculino,4,0.6666666666666666,0.8095238095238095,0.8000930882010705
68,feminino,2,0.25,0.2653061224489796,0.32940045446600247
68,masculino,6,0.75,0.7346938775510204,0.6705995455339976
69,feminino,4,0.5714285714285714,0.7142857142857143,0.5804857533382399
69,masculino,3,0.42857142857142855,0.2857142857142857,0.41951424666176007
70,feminino,2,0.2857142857142857,0.2857142857142857,0.2694213238208482
70,masculino,5,0.7142857142857143,0.7142857142857143,0.7305786761791518
71,masculino,6,1.0,1.0,1.0
72,feminino,3,0.23076923076923078,0.03076923076923077,0.1804391045034143
72,masculino,10,0.7692307692307693,0.9692307692307692,0.8195608954965857
73,feminino,2,0.2,0.10526315789473684,0.34554367201426023
73,masculino,8,0.8,0.8947368421052632,0.6544563279857397
74,feminino,5,0.35714285714285715,0.29411764705882354,0.3923569768101151
74,masculino,9,0.6428571428571429,0.7058823529411765,0.607643023189885
75,feminino,14,0.9333333333333333,0.9777777777777777,0.9243872637101991
75,masculino,1,0.06666666666666667,0.022222222222222223,0.0756127362898009
76,feminino,5,0.35714285714285715,0.66,0.43601102047431256
76,masculino,9,0.6428571428571429,0.34,0.5639889795256874
77,masculino,4,1.0,1.0,1.0
78,masculino,6,1.0,1.0,1.0
79,feminino,3,0.14285714285714285,0.047619047619047616,0.13347032633690495
79,masculino,18,0.8571428571428571,0.9523809523809523,0.8665296736630951
80,feminino,6,0.375,0.1794871794871795,0.29447351209941136
80,masculino,10,0.625,0.8205128205128205,0.7055264879005886
81,feminino,1,0.14285714285714285,0.07142857142857142,0.12665970460987616
81,masculino,6,0.8571428571428571,0.9285714285714286,0.8733402953901238
82,feminino,6,0.5454545454545454,0.7142857142857143,0.5580562659846547
82,masculino,5,0.45454545454545453,0.2857142857142857,0.44194373401534526
83,feminino,3,0.23076923076923078,0.08571428571428572,0.18782249742002063
83,masculino,10,0.7692307692307693,0.9142857142857143,0.8121775025799793
84,feminino,11,0.9166666666666666,0.9743589743589743,0.9348282713596366
84,masculino,1,0.08333333333333333,0.02564102564102564,0.06517172864036333
85,feminino,1,0.14285714285714285,0.5,0.20802534318901794
85,masculino,6,0.8571428571428571,0.5,0.791974656810982
86,feminino,2,0.16666666666666666,0.03614457831325301,0.16376748038785752
86,masculino,10,0.8333333333333334,0.963855421686747,0.8362325196121425
87,feminino,4,0.12121212121212122,0.05,0.1149941627328562
87,masculino,29,0.8787878787878788,0.95,0.8850058372671438
88,feminino,1,0.16666666666666666,0.5161290322580645,0.14568376816669584
88,masculino,5,0.8333333333333334,0.4838709677419355,0.8543162318333042
89,feminino,5,0.7142857142857143,0.8620689655172413,0.7723787927869561
89,masculino,2,0.2857142857142857,0.13793103448275862,0.22762120721304394
90,feminino,4,0.5714285714285714,0.31645569620253167,0.5499712572883304
90,masculino,3,0.42857142857142855,0.6835443037974683,0.45002874271166954
91,feminino,1,0.0625,0.07368421052631578,0.04954477150181207
91,masculino,15,0.9375,0.9263157894736842,0.950455228498188
92,feminino,3,0.42857142857142855,0.3333333333333333,0.4276518331933949
92,masculino,4,0.5714285714285714,0.6666666666666666,0.572348166806605
93,feminino,2,0.4,0.6521739130434783,0.3410245554614733
93,masculino,3,0.6,0.34782608695652173,0.6589754445385266
94,feminino,10,0.625,0.8,0.7029802897174068
94,masculino,6,0.375,0.2,0.2970197102825932
95,feminino,4,0.5714285714285714,0.37037037037037035,0.5142936958748486
95,masculino,3,0.42857142857142855,0.6296296296296297,0.4857063041251513
96,feminino,3,0.375,0.15384615384615385,0.36365137008913834
96,masculino,5,0.625,0.8461538461538461,0.6363486299108617
97,masculino,7,1.0,1.0,1.0
98,feminino,1,0.08333333333333333,0.02127659574468085,0.04466701203016175
98,masculino,11,0.9166666666666666,0.9787234042553191,0.9553329879698382
99,feminino,8,0.36363636363636365,0.16455696202531644,0.30514422665411284
99,masculino,14,0.6363636363636364,0.8354430379746836,0.6948557733458872
100,feminino,9,0.5625,0.7530864197530864,0.5783363565690594
100,masculino,7,0.4375,0.24691358024691357,0.42166364343094065
101,masculino,15,1.0,1.0,1.0
102,feminino,1,0.14285714285714285,0.045454545454545456,0.1718690666059087
102,masculino,6,0.8571428571428571,0.9545454545454546,0.8281309333940913
103,feminino,1,0.03571428571428571,0.011111111111111112,0.026186799167394078
103,masculino,27,0.9642857142857143,0.9888888888888889,0.9738132008326059
104,feminino,2,0.1,0.047619047619047616,0.07884208048952694
104,masculino,18,0.9,0.9523809523809523,0.9211579195104731
105,feminino,1,0.125,0.11764705882352941,0.22577927548441448
105,masculino,7,0.875,0.8823529411764706,0.7742207245155855
106,masculino,7,1.0,1.0,1.0
107,masculino,11,1.0,1.0,1.0
108,feminino,4,0.19047619047619047,0.140625,0.16722043144061494
108,masculino,17,0.8095238095238095,0.859375,0.8327795685593851
109,feminino,1,0.05,0.0136986301369863,0.028916813639035862
109,masculino,19,0.95,0.9863013698630136,0.9710831863609641
110,feminino,2,0.2,0.0625,0.19226759339704605
110,masculino,8,0.8,0.9375,0.807732406602954
111,feminino,7,0.5384615384615384,0.6666666666666666,0.7439336850037679
111,masculino,6,0.46153846153846156,0.3333333333333333,0.2560663149962321
112,feminino,5,0.1724137931034483,0.15714285714285714,0.20927176326641592
112,masculino,24,0.8275862068965517,0.8428571428571429,0.7907282367335841
113,feminino,1,0.16666666666666666,0.2,0.30883538762815343
113,masculino,5,0.8333333333333334,0.8,0.6911646123718466
114,feminino,6,0.5,0.275,0.2979852981214266
114,masculino,6,0.5,0.725,0.7020147018785734
115,feminino,4,0.26666666666666666,0.14285714285714285,0.21569873342652604
115,masculino,11,0.7333333333333333,0.8571428571428571,0.784301266573474
116,masculino,16,1.0,1.0,1.0
117,feminino,1,0.1,0.002849002849002849,0.012765245050851713
117,masculino,9,0.9,0.9971509971509972,0.9872347549491483
118,feminino,2,0.18181818181818182,0.16981132075471697,0.06845277963831212
118,masculino,9,0.8181818181818182,0.8301886792452831,0.9315472203616879
119,feminino,7,0.875,0.9354838709677419,0.8755518434554349
119,masculino,1,0.125,0.06451612903225806,0.12444815654456509
120,feminino,2,0.2222222222222222,0.1111111111111111,0.2615830675558133
120,masculino,7,0.7777777777777778,0.8888888888888888,0.7384169324441867
121,feminino,5,0.7142857142857143,0.7894736842105263,0.6616809116809117
121,masculino,2,0.2857142857142857,0.21052631578947367,0.3383190883190883
122,masculino,14,1.0,1.0,1.0
123,feminino,6,0.42857142857142855,0.6808510638297872,0.5572892252059197
123,masculino,8,0.5714285714285714,0.3191489361702128,0.4427107747940802
124,feminino,2,0.3333333333333333,0.38524590163934425,0.2941414550237782
124,masculino,4,0.6666666666666666,0.6147540983606558,0.7058585449762218
125,feminino,4,0.6666666666666666,0.29411764705882354,0.6096565793947637
125,masculino,2,0.3333333333333333,0.7058823529411765,0.3903434206052363
126,feminino,8,0.42105263157894735,0.29310344827586204,0.38402476780185757
126,masculino,11,0.5789473684210527,0.7068965517241379,0.6159752321981424
127,feminino,10,0.7142857142857143,0.5737704918032787,0.7512675392052824
127,masculino,4,0.2857142857142857,0.4262295081967213,0.2487324607947176
128,feminino,2,0.25,0.5882352941176471,0.271541644180608
128,masculino,6,0.75,0.4117647058823529,0.728458355819392
129,feminino,5,0.22727272727272727,0.64,0.5873062621948975
129,masculino,17,0.7727272727272727,0.36,0.41269373780510255
130,feminino,6,0.3157894736842105,0.65625,0.44516966437975153
130,masculino,13,0.6842105263157895,0.34375,0.5548303356202484
131,feminino,2,0.2222222222222222,0.12790697674418605,0.11863804378731874
131,masculino,7,0.7777777777777778,0.872093023255814,0.8813619562126812
132,feminino,3,0.42857142857142855,0.17857142857142858,0.3192045634606243
132,masculino,4,0.5714285714285714,0.8214285714285714,0.6807954365393757
133,masculino,13,1.0,1.0,1.0
134,feminino,1,0.16666666666666666,0.09523809523809523,0.12634833884654106
134,masculino,5,0.8333333333333334,0.9047619047619048,0.8736516611534589
135,feminino,4,0.4,0.6666666666666666,0.43515912535180773
135,masculino,6,0.6,0.3333333333333333,0.5648408746481922
136,feminino,5,0.5,0.6956521739130435,0.5578770175264878
136,masculino,5,0.5,0.30434782608695654,0.4421229824735122
137,masculino,8,1.0,1.0,1.0
138,masculino,3,1.0,1.0,1.0
139,feminino,6,0.6,0.36,0.5919641287146122
139,masculino,4,0.4,0.64,0.4080358712853877
140,feminino,1,0.3333333333333333,0.5714285714285714,0.07686907686907687
140,masculino,2,0.6666666666666666,0.42857142857142855,0.9231309231309232
141,feminino,7,0.6363636363636364,0.7727272727272727,0.6222345132743363
141,masculino,4,0.36363636363636365,0.22727272727272727,0.37776548672566373
142,feminino,2,0.2,0.14545454545454545,0.11761216166110493
142,masculino,8,0.8,0.8545454545454545,0.8823878383388951
143,feminino,6,0.46153846153846156,0.5357142857142857,0.4500563274502441
143,masculino,7,0.5384615384615384,0.4642857142857143,0.549943672549756
144,feminino,2,0.07692307692307693,0.04807692307692308,0.06243325705568269
144,masculino,24,0.9230769230769231,0.9519230769230769,0.9375667429443173
145,feminino,5,0.21739130434782608,0.4942528735632184,0.22013760950483138
145,masculino,18,0.782608695652174,0.5057471264367817,0.7798623904951686
146,feminino,7,0.4666666666666667,0.24074074074074073,0.5172628859090301
146,masculino,8,0.5333333333333333,0.7592592592592593,0.48273711409096987
147,feminino,12,0.75,0.9,0.757924013434089
147,masculino,4,0.25,0.1,0.242075986565911
148,feminino,1,0.1,0.07272727272727272,0.06859269762495569
148,masculino,9,0.9,0.9272727272727272,0.9314073023750443
149,feminino,4,0.4,0.15384615384615385,0.3139870419774596
149,masculino,6,0.6,0.8461538461538461,0.6860129580225405
150,feminino,1,0.16666666666666666,0.5,0.20874668157049042
150,masculino,5,0.8333333333333334,0.5,0.7912533184295095
151,feminino,8,0.6666666666666666,0.4339622641509434,0.7459928762243989
151,masculino,4,0.3333333333333333,0.5660377358490566,0.2540071237756011
152,feminino,3,0.3333333333333333,0.1388888888888889,0.3015592348497026
152,masculino,6,0.6666666666666666,0.8611111111111112,0.6984407651502974
153,feminino,7,0.18421052631578946,0.10270270270270271,0.14088289984160143
153,masculino,31,0.8157894736842105,0.8972972972972973,0.8591171001583986
154,feminino,12,0.9230769230769231,0.9827586206896551,0.9227346080492934
154,masculino,1,0.07692307692307693,0.017241379310344827,0.07726539195070664
155,feminino,3,0.2727272727272727,0.16129032258064516,0.10545059455544153
155,masculino,8,0.7272727272727273,0.8387096774193549,0.8945494054445584
156,feminino,2,0.2222222222222222,0.06896551724137931,0.11055426733487919
156,masculino,7,0.7777777777777778,0.9310344827586207,0.8894457326651208
157,feminino,2,0.2,0.3269230769230769,0.18950064020486557
157,masculino,8,0.8,0.6730769230769231,0.8104993597951344
158,feminino,4,0.4444444444444444,0.2857142857142857,0.4564496421714086
158,masculino,5,0.5555555555555556,0.7142857142857143,0.5435503578285914
159,feminino,11,0.7333333333333333,0.4107142857142857,0.6404076919214741
159,masculino,4,0.26666666666666666,0.5892857142857143,0.3595923080785259
160,feminino,6,0.5,0.1935483870967742,0.5372377622377622
160,masculino,6,0.5,0.8064516129032258,0.46276223776223774
161,feminino,3,0.23076923076923078,0.12727272727272726,0.2485348700918148
161,masculino,10,0.7692307692307693,0.8727272727272727,0.7514651299081851
162,feminino,5,0.5555555555555556,0.3684210526315789,0.6109114668409017
162,masculino,4,0.4444444444444444,0.631578947368421,0.38908853315909836
163,feminino,8,1.0,1.0,1.0
164,masculino,8,1.0,1.0,1.0
165,feminino,11,0.8461538461538461,0.8571428571428571,0.8007966474420148
165,masculino,2,0.15384615384615385,0.14285714285714285,0.19920335255798516
166,feminino,2,0.18181818181818182,0.06976744186046512,0.10585567666481024
166,masculino,9,0.8181818181818182,0.9302325581395349,0.8941443233351898
167,feminino,11,0.5789473684210527,0.28205128205128205,0.5113320849744948
167,masculino,8,0.42105263157894735,0.717948717948718,0.4886679150255053
168,feminino,5,0.5,0.6896551724137931,0.5449883768631205
168,masculino,5,0.5,0.3103448275862069,0.45501162313687954
169,feminino,10,0.625,0.8,0.7037550479175456
169,masculino,6,0.375,0.2,0.2962449520824543
170,feminino,16,0.7619047619047619,0.9047619047619048,0.8404117764074001
170,masculino,5,0.23809523809523808,0.09523809523809523,0.15958822359259997
171,feminino,8,0.26666666666666666,0.17192982456140352,0.4806761078117862
171,masculino,22,0.7333333333333333,0.8280701754385965,0.5193238921882138
172,feminino,8,0.5,0.5869565217391305,0.5366885647478009
172,masculino,8,0.5,0.41304347826086957,0.4633114352521991
173,feminino,4,0.4444444444444444,0.25,0.47314558325638656
173,masculino,5,0.5555555555555556,0.75,0.5268544167436134
174,feminino,1,0.16666666666666666,0.08108108108108109,0.16348142114167555
174,masculino,5,0.8333333333333334,0.918918918918919,0.8365185788583245
175,feminino,1,0.2,0.06060606060606061,0.045233565842316636
175,masculino,4,0.8,0.9393939393939394,0.9547664341576834
176,feminino,4,0.4444444444444444,0.6896551724137931,0.5007645727567436
176,masculino,5,0.5555555555555556,0.3103448275862069,0.4992354272432565
177,feminino,1,0.05263157894736842,0.009900990099009901,0.013275744487383495
177,masculino,18,0.9473684210526315,0.9900990099009901,0.9867242555126166
178,feminino,9,0.45,0.42592592592592593,0.5209448237682229
178,masculino,11,0.55,0.5740740740740741,0.47905517623177707
179,feminino,6,0.8571428571428571,0.9310344827586207,0.9035160961128119
179,masculino,1,0.14285714285714285,0.06896551724137931,0.09648390388718805
180,feminino,5,0.38461538461538464,0.18604651162790697,0.43728517331779787
180,masculino,8,0.6153846153846154,0.813953488372093,0.5627148266822022
181,feminino,4,0.5714285714285714,0.3333333333333333,0.580263489133171
181,masculino,3,0.42857142857142855,0.6666666666666666,0.4197365108668289
182,feminino,4,0.23529411764705882,0.16666666666666666,0.22948989842616363
182,masculino,13,0.7647058823529411,0.8333333333333334,0.7705101015738364
183,feminino,4,0.13793103448275862,0.10833333333333334,0.3392397545040586
183,masculino,25,0.8620689655172413,0.8916666666666667,0.6607602454959414
184,feminino,5,0.38461538461538464,0.1951219512195122,0.2797129537478393
184,masculino,8,0.6153846153846154,0.8048780487804879,0.7202870462521607
185,feminino,9,0.9,0.9069767441860465,0.8465572033898305
185,masculino,1,0.1,0.09302325581395349,0.1534427966101695
186,feminino,5,0.5555555555555556,0.7777777777777778,0.5874974847407606
186,masculino,4,0.4444444444444444,0.2222222222222222,0.41250251525923937
187,feminino,7,0.3684210526315789,0.42592592592592593,0.44689057678613814
187,masculino,12,0.631578947368421,0.5740740740740741,0.5531094232138618
188,feminino,9,1.0,1.0,1.0
189,feminino,2,0.4,0.6551724137931034,0.40782479268551985
189,masculino,3,0.6,0.3448275862068966,0.5921752073144801
190,feminino,8,0.5714285714285714,0.76,0.6110917537746806
190,masculino,6,0.42857142857142855,0.24,0.3889082462253194
191,feminino,8,0.7272727272727273,0.46153846153846156,0.662797800855223
191,masculino,3,0.2727272727272727,0.5384615384615384,0.337202199144777
192,masculino,6,1.0,1.0,1.0
193,masculino,12,1.0,1.0,1.0
194,feminino,4,0.4444444444444444,0.15625,0.48362158284848966
194,masculino,5,0.5555555555555556,0.84375,0.5163784171515103
195,feminino,1,0.25,0.5217391304347826,0.2165216408633744
195,masculino,3,0.75,0.4782608695652174,0.7834783591366256
196,feminino,1,0.25,0.17647058823529413,0.17854857289133497
196,masculino,3,0.75,0.8235294117647058,0.821451427108665
197,feminino,3,0.25,0.5,0.19022534386889084
197,masculino,9,0.75,0.5,0.8097746561311091
198,feminino,6,0.6,0.8461538461538461,0.6797701844572119
198,masculino,4,0.4,0.15384615384615385,0.320229815542788
199,feminino,7,0.22580645161290322,0.6181818181818182,0.5554458615721223
199,masculino,24,0.7741935483870968,0.38181818181818183,0.44455413842787767
200,feminino,5,0.5,0.725,0.5818424191398303
200,masculino,5,0.5,0.275,0.4181575808601698
201,feminino,15,0.3125,0.18023255813953487,0.21884364168634438
201,masculino,33,0.6875,0.8197674418604651,0.7811563583136556
202,feminino,1,0.16666666666666666,0.5,0.3165623221400114
202,masculino,5,0.8333333333333334,0.5,0.6834376778599887
203,feminino,7,0.7777777777777778,0.90625,0.8673118668596237
203,masculino,2,0.2222222222222222,0.09375,0.13268813314037628
204,feminino,7,0.875,0.92,0.8788611132089721
204,masculino,1,0.125,0.08,0.12113888679102787
205,masculino,18,1.0,1.0,1.0
206,feminino,11,0.6111111111111112,0.7674418604651163,0.6627855125600753
206,masculino,7,0.3888888888888889,0.23255813953488372,0.3372144874399247
