id_audiencia,partido,quantidade_participantes_do_partido_na_audiencia,porcentagem_participantes_do_partido_sobre_total_participantes_audiencia,porcentagem_falas_do_partido_sobre_total_falas_audiencia,porcentagem_palavras_do_partido_sobre_total_palavras_audiencia
1,NAO_INFORMADO,4,0.23529411764705882,0.18461538461538463,0.42824870359911693
1,NOVO,2,0.11764705882352941,0.06153846153846154,0.22380243363967756
1,PL,7,0.4117647058823529,0.13846153846153847,0.14591569543564203
1,PP,1,0.058823529411764705,0.015384615384615385,0.021255840221800073
1,PSDB,1,0.058823529411764705,0.5076923076923077,0.11120809159521487
1,PT,2,0.11764705882352941,0.09230769230769231,0.06956923550854854
2,CIDADANIA,1,0.04,0.016,0.021442106312955022
2,NAO_INFORMADO,2,0.08,0.216,0.5159735381137596
2,PDT,3,0.12,0.08,0.047837505402081044
2,PL,3,0.12,0.064,0.06668661281207407
2,PODE,1,0.04,0.008,0.017552607958512018
2,PP,2,0.08,0.136,0.061101692098002064
2,PSB,1,0.04,0.008,0.022439413583325022
2,PT,8,0.32,0.104,0.13250889265649413
2,UNIÃO,4,0.16,0.368,0.11445763106279712
3,NAO_INFORMADO,1,0.058823529411764705,0.057971014492753624,0.3979267680989801
3,PDT,2,0.11764705882352941,0.057971014492753624,0.044641364320347765
3,PL,2,0.11764705882352941,0.11594202898550725,0.1442902524661428
3,PSB,1,0.058823529411764705,0.463768115942029,0.07645042635010868
3,PT,9,0.5294117647058824,0.2318840579710145,0.27854873766928606
3,REDE,1,0.058823529411764705,0.057971014492753624,0.03753552917572312
3,SOLIDARIEDADE,1,0.058823529411764705,0.014492753623188406,0.02060692191941147
4,NAO_INFORMADO,1,0.3333333333333333,0.4782608695652174,0.7309833024118738
4,PSD,1,0.3333333333333333,0.08695652173913043,0.014414157271300129
4,REPUBLICANOS,1,0.3333333333333333,0.43478260869565216,0.25460254031682605
5,CIDADANIA,1,0.058823529411764705,0.019230769230769232,0.07002043514845534
5,MDB,1,0.058823529411764705,0.3076923076923077,0.07092198581560284
5,NAO_INFORMADO,10,0.5882352941176471,0.3269230769230769,0.5998317105421325
5,PL,1,0.058823529411764705,0.019230769230769232,0.03257603077292944
5,PSDB,1,0.058823529411764705,0.07692307692307693,0.04183195095564371
5,PT,1,0.058823529411764705,0.019230769230769232,0.0664743358576752
5,SOLIDARIEDADE,2,0.11764705882352941,0.23076923076923078,0.118343550907561
6,NAO_INFORMADO,13,0.5652173913043478,0.46710257458111976,0.3987111356499534
6,PL,2,0.08695652173913043,0.011033919084593379,0.03876945374236516
6,PODE,1,0.043478260869565216,0.0298324478953821,0.04210807826357017
6,PP,2,0.08695652173913043,0.00469963220269718,0.018875737603091892
6,PSB,1,0.043478260869565216,0.015120555782590927,0.03485282445909107
6,PSD,2,0.08695652173913043,0.20596648957907643,0.21835639601090445
6,SOLIDARIEDADE,1,0.043478260869565216,0.13669799754801798,0.15387004382483868
6,UNIÃO,1,0.043478260869565216,0.12954638332652227,0.09445633044618516
7,CIDADANIA,1,0.07692307692307693,0.05263157894736842,0.04865892845432487
7,NAO_INFORMADO,1,0.07692307692307693,0.07894736842105263,0.0908256279100269
7,PDT,1,0.07692307692307693,0.07894736842105263,0.06354515050167224
7,PL,2,0.15384615384615385,0.05263157894736842,0.165781362712309
7,PODE,1,0.07692307692307693,0.02631578947368421,0.038559905567578205
7,PP,3,0.23076923076923078,0.13157894736842105,0.3088727129647846
7,PSDB,1,0.07692307692307693,0.02631578947368421,0.048855662666404356
7,PT,1,0.07692307692307693,0.02631578947368421,0.029444553741228934
7,UNIÃO,2,0.15384615384615385,0.5263157894736842,0.20545609548167093
8,NAO_INFORMADO,3,0.75,0.4827586206896552,0.9415902792581539
8,SOLIDARIEDADE,1,0.25,0.5172413793103449,0.05840972074184609
9,NAO_INFORMADO,4,0.8,0.45454545454545453,0.8348993288590604
9,PP,1,0.2,0.5454545454545454,0.1651006711409396
10,NAO_INFORMADO,13,0.8125,0.49382716049382713,0.8728917024643907
10,PL,1,0.0625,0.4567901234567901,0.10802622654307031
10,PSB,1,0.0625,0.012345679012345678,0.011168889893737282
10,PT,1,0.0625,0.037037037037037035,0.007913181098801719
11,NAO_INFORMADO,7,0.7777777777777778,0.45161290322580644,0.8310718729632044
11,PT,2,0.2222222222222222,0.5483870967741935,0.16892812703679563
12,AVANTE,1,0.07142857142857142,0.023809523809523808,0.044623138343054536
12,MDB,1,0.07142857142857142,0.47619047619047616,0.11993884138399682
12,NAO_INFORMADO,9,0.6428571428571429,0.40476190476190477,0.6714423240274081
12,PCdoB,1,0.07142857142857142,0.047619047619047616,0.06806727447760348
12,PT,1,0.07142857142857142,0.023809523809523808,0.05368367404722804
12,UNIÃO,1,0.07142857142857142,0.023809523809523808,0.042244747720708985
13,NAO_INFORMADO,12,0.6666666666666666,0.2786885245901639,0.43198334733228644
13,PATRIOTA,1,0.05555555555555555,0.04918032786885246,0.04517401307380491
13,PL,1,0.05555555555555555,0.06557377049180328,0.02001241646276887
13,PT,3,0.16666666666666666,0.5901639344262295,0.4843150860022642
13,REPUBLICANOS,1,0.05555555555555555,0.01639344262295082,0.01851513712887558
14,NAO_INFORMADO,8,0.7272727272727273,0.4117647058823529,0.6682746145232148
14,PDT,1,0.09090909090909091,0.029411764705882353,0.0425531914893617
14,PSOL,2,0.18181818181818182,0.5588235294117647,0.28917219398742355
15,MDB,1,0.06666666666666667,0.056451612903225805,0.07911697734552893
15,NAO_INFORMADO,4,0.26666666666666666,0.29838709677419356,0.572343792211802
15,PATRIOTA,1,0.06666666666666667,0.008064516129032258,0.0425301995291575
15,PL,6,0.4,0.5564516129032258,0.23870170969858362
15,PT,2,0.13333333333333333,0.04032258064516129,0.040561923507390685
15,REPUBLICANOS,1,0.06666666666666667,0.04032258064516129,0.02674539770753734
16,NAO_INFORMADO,1,0.04,0.17415730337078653,0.2864578577298877
16,NOVO,1,0.04,0.008426966292134831,0.023681246765896568
16,PATRIOTA,1,0.04,0.0028089887640449437,0.033543359814933185
16,PL,9,0.36,0.5870786516853933,0.36687669314826654
16,PP,1,0.04,0.033707865168539325,0.05734636106291663
16,PSD,1,0.04,0.008426966292134831,0.013301677167990746
16,PSOL,2,0.08,0.011235955056179775,0.0598423279456975
16,PT,4,0.16,0.12921348314606743,0.06675189480412748
16,REPUBLICANOS,4,0.16,0.028089887640449437,0.047849511460140624
16,UNIÃO,1,0.04,0.016853932584269662,0.044349070100143065
17,NAO_INFORMADO,4,0.3333333333333333,0.22448979591836735,0.6855354469995918
17,PL,5,0.4166666666666667,0.24489795918367346,0.15362634372023404
17,PT,2,0.16666666666666666,0.46938775510204084,0.10840477162425727
17,REPUBLICANOS,1,0.08333333333333333,0.061224489795918366,0.052433437655916904
18,NAO_INFORMADO,8,0.8,0.42424242424242425,0.7771911932329474
18,PT,2,0.2,0.5757575757575758,0.22280880676705261
19,NAO_INFORMADO,7,0.7,0.37037037037037035,0.6704074164430349
19,PP,1,0.1,0.07407407407407407,0.11352362364804423
19,PT,1,0.1,0.037037037037037035,0.05977067577457917
19,UNIÃO,1,0.1,0.5185185185185185,0.15629828413434171
20,NAO_INFORMADO,6,0.6,0.2857142857142857,0.5454091193004372
20,PSOL,3,0.3,0.6666666666666666,0.40499687695190506
20,PT,1,0.1,0.047619047619047616,0.04959400374765771
21,NAO_INFORMADO,13,0.8666666666666667,0.40425531914893614,0.5764091858037579
21,PT,2,0.13333333333333333,0.5957446808510638,0.42359081419624217
22,NAO_INFORMADO,4,0.6666666666666666,0.43243243243243246,0.6377801120448179
22,PSB,1,0.16666666666666666,0.4864864864864865,0.24343487394957983
22,PT,1,0.16666666666666666,0.08108108108108109,0.11878501400560224
23,NAO_INFORMADO,7,0.6363636363636364,0.3698630136986301,0.7103840682788051
23,PDT,1,0.09090909090909091,0.1232876712328767,0.07136083451872925
23,PSD,2,0.18181818181818182,0.4931506849315068,0.20412517780938833
23,PV,1,0.09090909090909091,0.0136986301369863,0.014129919393077287
24,NAO_INFORMADO,16,0.9411764705882353,0.49019607843137253,0.8471628888777203
24,PSOL,1,0.058823529411764705,0.5098039215686274,0.15283711112227974
25,NAO_INFORMADO,21,0.7777777777777778,0.38823529411764707,0.6074734703093249
25,PODE,1,0.037037037037037035,0.011764705882352941,0.011213968540678859
25,PT,4,0.14814814814814814,0.1411764705882353,0.118988484985324
25,SOLIDARIEDADE,1,0.037037037037037035,0.4588235294117647,0.26232407616467224
26,NAO_INFORMADO,7,0.875,0.47368421052631576,0.68077196867832
26,PT,1,0.125,0.5263157894736842,0.31922803132168
27,NAO_INFORMADO,10,0.9090909090909091,0.6101694915254238,0.8714348953392778
27,REPUBLICANOS,1,0.09090909090909091,0.3898305084745763,0.12856510466072218
28,NAO_INFORMADO,5,0.7142857142857143,0.46153846153846156,0.6348965033329436
28,REPUBLICANOS,1,0.14285714285714285,0.48717948717948717,0.3173897789732195
28,UNIÃO,1,0.14285714285714285,0.05128205128205128,0.04771371769383698
29,NAO_INFORMADO,10,0.625,0.4107142857142857,0.5807978997702874
29,PSOL,1,0.0625,0.017857142857142856,0.032628568749707
29,PT,4,0.25,0.5535714285714286,0.38647977122497773
29,REPUBLICANOS,1,0.0625,0.017857142857142856,9.376025502789367e-05
30,NAO_INFORMADO,6,0.8571428571428571,0.5,0.6924962549366744
30,PT,1,0.14285714285714285,0.5,0.3075037450633256
31,NAO_INFORMADO,11,0.7857142857142857,0.5,0.8354317614918636
31,PDT,1,0.07142857142857142,0.0625,0.04822425466207388
31,PP,2,0.14285714285714285,0.4375,0.11634398384606248
32,NAO_INFORMADO,9,0.75,0.4375,0.75507835171213
32,PSOL,2,0.16666666666666666,0.3125,0.17056006964596634
32,PT,1,0.08333333333333333,0.25,0.07436157864190365
33,NAO_INFORMADO,4,0.5714285714285714,0.41379310344827586,0.6617225686836339
33,PSDB,1,0.14285714285714285,0.034482758620689655,0.08806674532277094
33,REPUBLICANOS,2,0.2857142857142857,0.5517241379310345,0.25021068599359514
34,NAO_INFORMADO,5,0.45454545454545453,0.3170731707317073,0.6316387959866221
34,PP,2,0.18181818181818182,0.12195121951219512,0.05618729096989967
34,PT,1,0.09090909090909091,0.024390243902439025,0.050434782608695654
34,REPUBLICANOS,1,0.09090909090909091,0.024390243902439025,0.032107023411371234
34,UNIÃO,2,0.18181818181818182,0.5121951219512195,0.22963210702341136
35,MDB,1,0.06666666666666667,0.03773584905660377,0.022724847967566415
35,NAO_INFORMADO,10,0.6666666666666666,0.37735849056603776,0.6965397062484441
35,PCdoB,1,0.06666666666666667,0.018867924528301886,0.03787474661261069
35,PT,1,0.06666666666666667,0.1320754716981132,0.0968384366442619
35,REPUBLICANOS,1,0.06666666666666667,0.03773584905660377,0.021160069703759023
35,UNIÃO,1,0.06666666666666667,0.39622641509433965,0.12486219282335788
36,NAO_INFORMADO,17,0.8947368421052632,0.42424242424242425,0.8079916061904345
36,PL,1,0.05263157894736842,0.5151515151515151,0.16822593337413658
36,REPUBLICANOS,1,0.05263157894736842,0.06060606060606061,0.023782460435428872
37,MDB,1,0.2,0.058823529411764705,0.05637657361795293
37,NAO_INFORMADO,2,0.4,0.35294117647058826,0.64792008757526
37,PL,1,0.2,0.058823529411764705,0.09564860426929392
37,UNIÃO,1,0.2,0.5294117647058824,0.20005473453749315
38,NAO_INFORMADO,6,0.6,0.3902439024390244,0.5792843691148776
38,PL,1,0.1,0.04878048780487805,0.011299435028248588
38,PSC,1,0.1,0.0975609756097561,0.11685499058380415
38,REPUBLICANOS,2,0.2,0.4634146341463415,0.29256120527306967
39,NAO_INFORMADO,6,0.375,0.3384615384615385,0.6997420535862873
39,PL,3,0.1875,0.07692307692307693,0.08295889499084706
39,PP,1,0.0625,0.015384615384615385,0.018097853220169744
39,PT,6,0.375,0.5692307692307692,0.19920119820269597
40,NAO_INFORMADO,10,0.8333333333333334,0.38271604938271603,0.7771685646000281
40,PL,1,0.08333333333333333,0.18518518518518517,0.061343080744177325
40,REPUBLICANOS,1,0.08333333333333333,0.43209876543209874,0.16148835465579456
41,NAO_INFORMADO,6,0.75,0.47368421052631576,0.8473623972531474
41,PV,1,0.125,0.21052631578947367,0.1110186244927687
41,REPUBLICANOS,1,0.125,0.3157894736842105,0.04161897825408386
42,NAO_INFORMADO,18,0.8571428571428571,0.4576271186440678,0.7822174865328835
42,PSOL,1,0.047619047619047616,0.4915254237288136,0.11744509560172853
42,PT,1,0.047619047619047616,0.03389830508474576,0.08340732847925177
42,REPUBLICANOS,1,0.047619047619047616,0.01694915254237288,0.01693008938613627
43,NAO_INFORMADO,5,0.5555555555555556,0.43283582089552236,0.6764448537877044
43,PODE,1,0.1111111111111111,0.05970149253731343,0.06055721851254893
43,PSOL,2,0.2222222222222222,0.44776119402985076,0.2222426893852176
43,REPUBLICANOS,1,0.1111111111111111,0.05970149253731343,0.040755238314529124
44,MDB,4,0.2222222222222222,0.5633802816901409,0.1560562425885143
44,NAO_INFORMADO,11,0.6111111111111112,0.323943661971831,0.7350838556666102
44,PL,1,0.05555555555555555,0.014084507042253521,0.01937997628324581
44,PSOL,1,0.05555555555555555,0.07042253521126761,0.07684228358461799
44,REPUBLICANOS,1,0.05555555555555555,0.028169014084507043,0.012637641877011689
45,NAO_INFORMADO,1,0.07692307692307693,0.43703703703703706,0.5471746952087594
45,PL,4,0.3076923076923077,0.3888888888888889,0.3481997256231719
45,PSOL,1,0.07692307692307693,0.022222222222222223,0.0019413454818419486
45,PT,5,0.38461538461538464,0.018518518518518517,0.01400357207568659
45,REPUBLICANOS,1,0.07692307692307693,0.05,0.031993373540755314
45,UNIÃO,1,0.07692307692307693,0.08333333333333333,0.056687288069784895
46,NAO_INFORMADO,7,0.875,0.4857142857142857,0.8077121087314663
46,SOLIDARIEDADE,1,0.125,0.5142857142857142,0.19228789126853377
47,NAO_INFORMADO,5,0.5555555555555556,0.425,0.6347836655323287
47,PSOL,1,0.1111111111111111,0.025,0.08094312105007292
47,PT,1,0.1111111111111111,0.475,0.2013855128828391
47,REPUBLICANOS,1,0.1111111111111111,0.025,0.03317938745746232
47,SOLIDARIEDADE,1,0.1111111111111111,0.05,0.049708313077297034
48,NAO_INFORMADO,8,0.4444444444444444,0.25263157894736843,0.5306010928961749
48,PDT,1,0.05555555555555555,0.021052631578947368,0.04470628415300546
48,PL,4,0.2222222222222222,0.631578947368421,0.19566256830601092
48,PSOL,4,0.2222222222222222,0.08421052631578947,0.1894467213114754
48,PT,1,0.05555555555555555,0.010526315789473684,0.03958333333333333
49,NAO_INFORMADO,6,0.75,0.5,0.6636814951815438
49,PL,1,0.125,0.4583333333333333,0.303319380901392
49,UNIÃO,1,0.125,0.041666666666666664,0.03299912391706415
50,NAO_INFORMADO,4,0.4444444444444444,0.3548387096774194,0.7149775164303009
50,PCdoB,1,0.1111111111111111,0.41935483870967744,0.1301452784503632
50,PL,1,0.1111111111111111,0.03225806451612903,0.061310965063991696
50,PSB,1,0.1111111111111111,0.03225806451612903,0.026288481494292634
50,PSD,1,0.1111111111111111,0.06451612903225806,0.004669664475959875
50,REPUBLICANOS,1,0.1111111111111111,0.0967741935483871,0.06260809408509166
51,NAO_INFORMADO,21,0.84,0.41935483870967744,0.7388197550068054
51,PSB,1,0.04,0.5,0.23036165662064942
51,PT,3,0.12,0.08064516129032258,0.030818588372545207
52,NAO_INFORMADO,6,0.6666666666666666,0.45714285714285713,0.8216675588865097
52,PSD,1,0.1111111111111111,0.4857142857142857,0.09796573875802998
52,PT,1,0.1111111111111111,0.02857142857142857,0.04449946466809422
52,PV,1,0.1111111111111111,0.02857142857142857,0.03586723768736617
53,NAO_INFORMADO,12,0.7058823529411765,0.42424242424242425,0.6791327913279133
53,PCdoB,1,0.058823529411764705,0.10606060606060606,0.053495934959349595
53,PL,2,0.11764705882352941,0.06060606060606061,0.0421680216802168
53,PSB,1,0.058823529411764705,0.015151515151515152,0.02883468834688347
53,PT,1,0.058823529411764705,0.3939393939393939,0.19636856368563685
54,NAO_INFORMADO,2,0.5,0.4375,0.7425837320574162
54,REPUBLICANOS,1,0.25,0.0625,0.04057416267942584
54,SOLIDARIEDADE,1,0.25,0.5,0.2168421052631579
55,NAO_INFORMADO,17,0.85,0.4418604651162791,0.826031778262856
55,PSOL,2,0.1,0.5348837209302325,0.1301081273161074
55,PT,1,0.05,0.023255813953488372,0.043860094421036604
56,NAO_INFORMADO,6,0.75,0.4444444444444444,0.7393295968958827
56,PP,1,0.125,0.3333333333333333,0.0861176977796939
56,REPUBLICANOS,1,0.125,0.2222222222222222,0.17455270532442338
57,MDB,1,0.07142857142857142,0.025,0.02355436481357446
57,NAO_INFORMADO,10,0.7142857142857143,0.425,0.8183188211654387
57,PSOL,2,0.14285714285714285,0.3,0.07150033489618218
57,PT,1,0.07142857142857142,0.25,0.08662647912480465
58,CIDADANIA,1,0.07692307692307693,0.038461538461538464,0.032193289286176964
58,MDB,1,0.07692307692307693,0.01282051282051282,0.006930949604871097
58,NAO_INFORMADO,7,0.5384615384615384,0.38461538461538464,0.6441248866433475
58,PL,2,0.15384615384615385,0.4358974358974359,0.2554735069309496
58,PP,1,0.07692307692307693,0.07692307692307693,0.03938333981085633
58,PSDB,1,0.07692307692307693,0.05128205128205128,0.02189402772379842
59,NAO_INFORMADO,6,0.8571428571428571,0.4782608695652174,0.7567472424313542
59,PT,1,0.14285714285714285,0.5217391304347826,0.24325275756864587
60,NAO_INFORMADO,6,0.8571428571428571,0.5283018867924528,0.8449755467380271
60,UNIÃO,1,0.14285714285714285,0.4716981132075472,0.15502445326197287
61,NAO_INFORMADO,4,0.4444444444444444,0.3157894736842105,0.5588479227927317
61,NOVO,1,0.1111111111111111,0.02631578947368421,0.09092965392445149
61,PSD,2,0.2222222222222222,0.5263157894736842,0.16760913820402623
61,PSDB,1,0.1111111111111111,0.07894736842105263,0.06929050742667571
61,PT,1,0.1111111111111111,0.05263157894736842,0.1133227776521149
62,NAO_INFORMADO,6,0.8571428571428571,0.5,0.8010215927559786
62,PT,1,0.14285714285714285,0.5,0.19897840724402135
63,NAO_INFORMADO,8,0.8888888888888888,0.5,0.8806014369305978
63,PSB,1,0.1111111111111111,0.5,0.11939856306940226
64,NAO_INFORMADO,8,0.8888888888888888,0.5,0.5467311889173546
64,PODE,1,0.1111111111111111,0.5,0.45326881108264544
65,NAO_INFORMADO,8,0.8888888888888888,0.42105263157894735,0.8042492389886314
65,PT,1,0.1111111111111111,0.5789473684210527,0.19575076101136857
66,NAO_INFORMADO,5,0.8333333333333334,0.5094339622641509,0.734563681932103
66,PDT,1,0.16666666666666666,0.49056603773584906,0.265436318067897
67,NAO_INFORMADO,5,0.8333333333333334,0.47619047619047616,0.6262508727018851
67,PCdoB,1,0.16666666666666666,0.5238095238095238,0.373749127298115
68,NAO_INFORMADO,7,0.875,0.5510204081632653,0.8696906135291033
68,UNIÃO,1,0.125,0.4489795918367347,0.1303093864708967
69,NAO_INFORMADO,6,0.8571428571428571,0.47619047619047616,0.685942592787299
69,PSB,1,0.14285714285714285,0.5238095238095238,0.3140574072127011
70,NAO_INFORMADO,5,0.7142857142857143,0.3333333333333333,0.7551525961157353
70,PSB,1,0.14285714285714285,0.42857142857142855,0.1285176377328577
70,PSOL,1,0.14285714285714285,0.23809523809523808,0.11632976615140705
71,NAO_INFORMADO,5,0.8333333333333334,0.5,0.6729754886751473
71,PT,1,0.16666666666666666,0.5,0.3270245113248526
72,NAO_INFORMADO,11,0.8461538461538461,0.5538461538461539,0.683507649753652
72,PT,2,0.15384615384615385,0.4461538461538462,0.316492350246348
73,NAO_INFORMADO,8,0.8,0.47368421052631576,0.8692513368983957
73,PSB,2,0.2,0.5263157894736842,0.13074866310160427
74,NAO_INFORMADO,9,0.6428571428571429,0.3235294117647059,0.7087940125871747
74,PT,5,0.35714285714285715,0.6764705882352942,0.29120598741282533
75,NAO_INFORMADO,14,0.9333333333333333,0.4888888888888889,0.8402932509164092
75,PL,1,0.06666666666666667,0.5111111111111111,0.1597067490835909
76,NAO_INFORMADO,13,0.9285714285714286,0.48,0.8348549511101507
76,PT,1,0.07142857142857142,0.52,0.16514504888984927
77,NAO_INFORMADO,3,0.75,0.46153846153846156,0.7499085031108942
77,PSB,1,0.25,0.5384615384615384,0.25009149688910576
78,NAO_INFORMADO,4,0.6666666666666666,0.3584905660377358,0.8137780125254659
78,PP,1,0.16666666666666666,0.11320754716981132,0.0436127669206972
78,PT,1,0.16666666666666666,0.5283018867924528,0.14260922055383687
79,NAO_INFORMADO,17,0.8095238095238095,0.42857142857142855,0.7258182885659769
79,PSB,1,0.047619047619047616,0.015873015873015872,0.055628944664611775
79,PSD,2,0.09523809523809523,0.047619047619047616,0.14051568080630167
79,UNIÃO,1,0.047619047619047616,0.5079365079365079,0.07803708596310974
80,NAO_INFORMADO,13,0.8125,0.358974358974359,0.7111674296926096
80,NOVO,1,0.0625,0.02564102564102564,0.04283845650752126
80,REPUBLICANOS,2,0.125,0.6153846153846154,0.24599411379986919
81,NAO_INFORMADO,6,0.8571428571428571,0.6666666666666666,0.8869163061315829
81,PL,1,0.14285714285714285,0.3333333333333333,0.11308369386841713
82,NAO_INFORMADO,9,0.8181818181818182,0.4523809523809524,0.6819266837169651
82,PT,2,0.18181818181818182,0.5476190476190477,0.318073316283035
83,NAO_INFORMADO,11,0.8461538461538461,0.42857142857142855,0.7862189410177026
83,PCdoB,1,0.07692307692307693,0.5142857142857142,0.16908787806620623
83,PT,1,0.07692307692307693,0.05714285714285714,0.04469318091609113
84,NAO_INFORMADO,11,0.9166666666666666,0.48717948717948717,0.7553221686063014
84,PT,1,0.08333333333333333,0.5128205128205128,0.24467783139369856
85,NAO_INFORMADO,6,0.8571428571428571,0.5,0.791974656810982
85,PT,1,0.14285714285714285,0.5,0.20802534318901794
86,NAO_INFORMADO,8,0.6666666666666666,0.40963855421686746,0.6159918140622715
86,PDT,1,0.08333333333333333,0.012048192771084338,0.04667933537981776
86,PP,1,0.08333333333333333,0.5060240963855421,0.29615553281683965
86,PSOL,1,0.08333333333333333,0.060240963855421686,0.022072796374799006
86,REPUBLICANOS,1,0.08333333333333333,0.012048192771084338,0.019100521366271987
87,NAO_INFORMADO,24,0.7272727272727273,0.44375,0.7542002944012994
87,PDT,1,0.030303030303030304,0.41875,0.09042688188416832
87,PL,2,0.06060606060606061,0.0625,0.05068270646160093
87,PSB,1,0.030303030303030304,0.00625,0.019085325617988935
87,PT,2,0.06060606060606061,0.0125,0.029287853408456424
87,REPUBLICANOS,2,0.06060606060606061,0.03125,0.040454799248769095
87,UNIÃO,1,0.030303030303030304,0.025,0.015862138977716867
88,NAO_INFORMADO,5,0.8333333333333334,0.4838709677419355,0.8543162318333042
88,PP,1,0.16666666666666666,0.5161290322580645,0.14568376816669584
89,NAO_INFORMADO,5,0.7142857142857143,0.4482758620689655,0.6681783824640968
89,PT,2,0.2857142857142857,0.5517241379310345,0.3318216175359032
90,NAO_INFORMADO,6,0.8571428571428571,0.4936708860759494,0.8285291943828529
90,REPUBLICANOS,1,0.14285714285714285,0.5063291139240507,0.1714708056171471
91,NAO_INFORMADO,12,0.75,0.4631578947368421,0.6626447449836471
91,PP,1,0.0625,0.010526315789473684,0.028993193670997966
91,PSD,1,0.0625,0.031578947368421054,0.012507734464775037
91,UNIÃO,2,0.125,0.49473684210526314,0.2958543268805799
92,NAO_INFORMADO,5,0.7142857142857143,0.4666666666666667,0.8975650713685979
92,PP,1,0.14285714285714285,0.2,0.03974251329415057
92,UNIÃO,1,0.14285714285714285,0.3333333333333333,0.0626924153372516
93,NAO_INFORMADO,4,0.8,0.4782608695652174,0.8417654530059272
93,PDT,1,0.2,0.5217391304347826,0.15823454699407283
94,NAO_INFORMADO,14,0.875,0.43333333333333335,0.6857041082878176
94,PL,1,0.0625,0.08333333333333333,0.07996912847304678
94,PT,1,0.0625,0.48333333333333334,0.2343267632391356
95,NAO_INFORMADO,6,0.8571428571428571,0.48148148148148145,0.7669242946270602
95,SOLIDARIEDADE,1,0.14285714285714285,0.5185185185185185,0.23307570537293976
96,NAO_INFORMADO,4,0.5,0.36538461538461536,0.6530207989435457
96,PL,1,0.125,0.07692307692307693,0.056069109717178385
96,PSD,1,0.125,0.46153846153846156,0.13513810938703644
96,PSDB,1,0.125,0.07692307692307693,0.09464069549906459
96,PT,1,0.125,0.019230769230769232,0.061131286453174866
97,NAO_INFORMADO,6,0.8571428571428571,0.42105263157894735,0.8167105758374106
97,PT,1,0.14285714285714285,0.5789473684210527,0.1832894241625894
98,DEM,1,0.08333333333333333,0.5106382978723404,0.18356069763426006
98,NAO_INFORMADO,11,0.9166666666666666,0.48936170212765956,0.8164393023657399
99,NAO_INFORMADO,14,0.6363636363636364,0.26582278481012656,0.7032440297868698
99,PL,3,0.13636363636363635,0.24050632911392406,0.15685183600102715
99,PSOL,2,0.09090909090909091,0.2911392405063291,0.05906017290079603
99,PT,3,0.13636363636363635,0.20253164556962025,0.08084396131130703
100,NAO_INFORMADO,12,0.75,0.4691358024691358,0.758590308370044
100,NOVO,1,0.0625,0.012345679012345678,0.050427571909821195
100,UNIÃO,3,0.1875,0.5185185185185185,0.19098211972013476
101,NAO_INFORMADO,12,0.8,0.4594594594594595,0.729727991769018
101,PP,1,0.06666666666666667,0.02702702702702703,0.04629927335862646
101,PSB,1,0.06666666666666667,0.02702702702702703,0.03478875956530127
101,PSD,1,0.06666666666666667,0.4864864864864865,0.18918397530705422
102,CIDADANIA,1,0.14285714285714285,0.38636363636363635,0.22708285866180603
102,NAO_INFORMADO,4,0.5714285714285714,0.38636363636363635,0.6447938026885396
102,PDT,1,0.14285714285714285,0.18181818181818182,0.0936431989063568
102,PL,1,0.14285714285714285,0.045454545454545456,0.03448013974329764
103,NAO_INFORMADO,1,0.03571428571428571,0.17222222222222222,0.43167931242865776
103,PL,13,0.4642857142857143,0.6777777777777778,0.307392734841872
103,PODE,1,0.03571428571428571,0.005555555555555556,0.013596991875377695
103,PP,1,0.03571428571428571,0.005555555555555556,0.011817632444772712
103,PRD,1,0.03571428571428571,0.005555555555555556,0.012891962667024777
103,PSD,2,0.07142857142857142,0.011111111111111112,0.04320821862620023
103,PSOL,1,0.03571428571428571,0.005555555555555556,0.03421070301483919
103,PT,4,0.14285714285714285,0.07777777777777778,0.06143825958503995
103,REPUBLICANOS,3,0.10714285714285714,0.03333333333333333,0.06492983280735916
103,UNIÃO,1,0.03571428571428571,0.005555555555555556,0.01883435170885651
104,NAO_INFORMADO,14,0.7,0.3968253968253968,0.7031066133207814
104,PP,1,0.05,0.031746031746031744,0.028202714364164116
104,PSD,2,0.1,0.49206349206349204,0.20498940927277007
104,PSDB,1,0.05,0.031746031746031744,0.022083627520200832
104,REPUBLICANOS,1,0.05,0.031746031746031744,0.018945634266886325
104,UNIÃO,1,0.05,0.015873015873015872,0.0226720012551973
105,NAO_INFORMADO,6,0.75,0.47058823529411764,0.8097912571375082
105,UNIÃO,2,0.25,0.5294117647058824,0.19020874286249181
106,MDB,1,0.14285714285714285,0.4489795918367347,0.1423184527429753
106,NAO_INFORMADO,4,0.5714285714285714,0.40816326530612246,0.7200462230872157
106,PSB,1,0.14285714285714285,0.04081632653061224,0.07742367108624255
106,PT,1,0.14285714285714285,0.10204081632653061,0.06021165308356648
107,NAO_INFORMADO,9,0.8181818181818182,0.4642857142857143,0.776510172966721
107,PDT,1,0.09090909090909091,0.03571428571428571,0.027916513327375006
107,PODE,1,0.09090909090909091,0.5,0.195573313705904
108,NAO_INFORMADO,15,0.7142857142857143,0.375,0.7163401934044136
108,PL,3,0.14285714285714285,0.5,0.17485742623357303
108,PRD,1,0.047619047619047616,0.09375,0.045127696503843295
108,PSD,1,0.047619047619047616,0.015625,0.036102157203074636
108,PSDB,1,0.047619047619047616,0.015625,0.027572526655095464
109,MDB,1,0.05,0.0136986301369863,0.02296443268665491
109,NAO_INFORMADO,10,0.5,0.5068493150684932,0.7699882422104645
109,PODE,1,0.05,0.0136986301369863,0.01679159318048207
109,PSB,1,0.05,0.0273972602739726,0.03619194591416813
109,PSD,2,0.1,0.0410958904109589,0.03696355085243974
109,PT,1,0.05,0.0136986301369863,0.023809523809523808
109,UNIÃO,4,0.2,0.3835616438356164,0.0932907113462669
110,NAO_INFORMADO,7,0.7,0.625,0.7430060816681147
110,PT,3,0.3,0.375,0.25699391833188534
111,NAO_INFORMADO,11,0.8461538461538461,0.5384615384615384,0.7570459683496609
111,PL,1,0.07692307692307693,0.38461538461538464,0.16872645064054256
111,SOLIDARIEDADE,1,0.07692307692307693,0.07692307692307693,0.07422758100979654
112,NAO_INFORMADO,24,0.8275862068965517,0.37142857142857144,0.6178003353423664
112,PL,1,0.034482758620689655,0.08571428571428572,0.04314134227579644
112,PSOL,2,0.06896551724137931,0.5285714285714286,0.31726106856391895
112,REPUBLICANOS,1,0.034482758620689655,0.007142857142857143,0.011193184392985
112,UNIÃO,1,0.034482758620689655,0.007142857142857143,0.010604069424933159
113,NAO_INFORMADO,2,0.3333333333333333,0.3333333333333333,0.6257343624006451
113,PDT,1,0.16666666666666666,0.06666666666666667,0.06727335560419306
113,PL,1,0.16666666666666666,0.06666666666666667,0.01635756249280037
113,PODE,1,0.16666666666666666,0.4666666666666667,0.2550397419652114
113,PSOL,1,0.16666666666666666,0.06666666666666667,0.035594977537150095
114,NAO_INFORMADO,10,0.8333333333333334,0.45,0.6896950721481078
114,PSD,2,0.16666666666666666,0.55,0.3103049278518922
115,NAO_INFORMADO,6,0.4,0.31746031746031744,0.6601008175541153
115,PCdoB,1,0.06666666666666667,0.015873015873015872,0.023128733002922862
115,PDT,1,0.06666666666666667,0.031746031746031744,0.05028169610708688
115,PL,2,0.13333333333333333,0.06349206349206349,0.06176134197483797
115,PODE,2,0.13333333333333333,0.047619047619047616,0.05578853729825899
115,PSOL,2,0.13333333333333333,0.5079365079365079,0.11653323166857288
115,PT,1,0.06666666666666667,0.015873015873015872,0.03240564239420511
116,NAO_INFORMADO,1,0.0625,0.06382978723404255,0.4812541557976574
116,PL,3,0.1875,0.06382978723404255,0.06756687637461
116,PP,3,0.1875,0.14893617021276595,0.14710245000255742
116,PSB,1,0.0625,0.0425531914893617,0.07058462482737456
116,PSDB,1,0.0625,0.5106382978723404,0.07334663188583704
116,PSOL,1,0.0625,0.02127659574468085,0.015855966446729066
116,PT,3,0.1875,0.06382978723404255,0.09119738120812235
116,REPUBLICANOS,1,0.0625,0.02127659574468085,0.008286021175387449
116,UNIÃO,2,0.125,0.06382978723404255,0.04480589228172472
117,NAO_INFORMADO,7,0.7,0.49002849002849,0.5866571799271754
117,PP,1,0.1,0.07407407407407407,0.04679194743230235
117,UNIÃO,2,0.2,0.4358974358974359,0.36655087264052233
118,MDB,1,0.09090909090909091,0.09433962264150944,0.09839249832551909
118,NAO_INFORMADO,2,0.18181818181818182,0.33962264150943394,0.40817146684527794
118,PATRIOTA,1,0.09090909090909091,0.018867924528301886,0.049229738780977896
118,PDT,1,0.09090909090909091,0.2641509433962264,0.11942397856664434
118,PL,1,0.09090909090909091,0.018867924528301886,0.056798392498325516
118,PODE,2,0.18181818181818182,0.05660377358490566,0.146483590087073
118,PSOL,2,0.18181818181818182,0.1509433962264151,0.07896851975887476
118,PT,1,0.09090909090909091,0.05660377358490566,0.04253181513730744
119,NAO_INFORMADO,7,0.875,0.5806451612903226,0.8368333134470827
119,PT,1,0.125,0.41935483870967744,0.1631666865529173
120,NAO_INFORMADO,8,0.8888888888888888,0.5185185185185185,0.9085532038271963
120,PT,1,0.1111111111111111,0.48148148148148145,0.09144679617280371
121,AVANTE,1,0.14285714285714285,0.5263157894736842,0.18059512503956948
121,NAO_INFORMADO,6,0.8571428571428571,0.47368421052631576,0.8194048749604305
122,NAO_INFORMADO,3,0.21428571428571427,0.3548387096774194,0.5152777777777777
122,PL,5,0.35714285714285715,0.12903225806451613,0.17916666666666667
122,PP,2,0.14285714285714285,0.4032258064516129,0.16039272030651341
122,PSD,1,0.07142857142857142,0.016129032258064516,0.03366858237547893
122,PT,2,0.14285714285714285,0.08064516129032258,0.09042145593869731
122,REPUBLICANOS,1,0.07142857142857142,0.016129032258064516,0.0210727969348659
123,NAO_INFORMADO,10,0.7142857142857143,0.40425531914893614,0.7155963302752294
123,PP,1,0.07142857142857142,0.0425531914893617,0.0016071787316681175
123,PSD,1,0.07142857142857142,0.1276595744680851,0.1540212951181946
123,PSDB,1,0.07142857142857142,0.02127659574468085,0.021763878658005758
123,PT,1,0.07142857142857142,0.40425531914893614,0.10701131721690216
124,MDB,1,0.16666666666666666,0.03278688524590164,0.08964889203683092
124,NAO_INFORMADO,2,0.3333333333333333,0.22950819672131148,0.46028533845998176
124,PL,2,0.3333333333333333,0.6147540983606558,0.29323080036426186
124,PT,1,0.16666666666666666,0.12295081967213115,0.15683496913892542
125,NAO_INFORMADO,5,0.8333333333333334,0.47058823529411764,0.7556386716536325
125,PDT,1,0.16666666666666666,0.5294117647058824,0.24436132834636745
126,NAO_INFORMADO,16,0.8421052631578947,0.4827586206896552,0.7903405572755418
126,PSOL,2,0.10526315789473684,0.4482758620689655,0.18346749226006193
126,PT,1,0.05263157894736842,0.06896551724137931,0.026191950464396284
127,NAO_INFORMADO,10,0.7142857142857143,0.4918032786885246,0.7020988091027002
127,PT,3,0.21428571428571427,0.4918032786885246,0.27797429548402314
127,REPUBLICANOS,1,0.07142857142857142,0.01639344262295082,0.019926895413276736
128,NAO_INFORMADO,5,0.625,0.35294117647058826,0.5969598848713797
128,PL,1,0.125,0.5294117647058824,0.13374707681237633
128,PSD,2,0.25,0.11764705882352941,0.2692930383162439
129,MDB,1,0.045454545454545456,0.045,0.0486323307440268
129,NAO_INFORMADO,1,0.045454545454545456,0.185,0.30151308765600265
129,PATRIOTA,1,0.045454545454545456,0.005,0.0005890365570813238
129,PDT,1,0.045454545454545456,0.02,0.002392961013142878
129,PL,7,0.3181818181818182,0.54,0.4306593527960829
129,PP,2,0.09090909090909091,0.075,0.03677797003276516
129,PSD,1,0.045454545454545456,0.005,0.00022088870890549646
129,PT,5,0.22727272727272727,0.1,0.14129514412988256
129,REPUBLICANOS,1,0.045454545454545456,0.005,0.0002945182785406619
129,SOLIDARIEDADE,1,0.045454545454545456,0.01,0.025623090233037587
129,UNIÃO,1,0.045454545454545456,0.01,0.012001619850531973
130,NAO_INFORMADO,13,0.6842105263157895,0.3125,0.6066382347487483
130,PCdoB,1,0.05263157894736842,0.484375,0.188503615798257
130,PL,1,0.05263157894736842,0.078125,0.08347858334878547
130,PP,2,0.10526315789473684,0.0625,0.06348970888188392
130,PSB,1,0.05263157894736842,0.046875,0.049694047839792324
130,REPUBLICANOS,1,0.05263157894736842,0.015625,0.008195809382532913
131,NAO_INFORMADO,5,0.5555555555555556,0.3953488372093023,0.5481234006255331
131,PSB,1,0.1111111111111111,0.03488372093023256,0.018552743815752063
131,PT,1,0.1111111111111111,0.45348837209302323,0.3003980665339778
131,REPUBLICANOS,2,0.2222222222222222,0.11627906976744186,0.13292578902473698
132,NAO_INFORMADO,5,0.7142857142857143,0.4642857142857143,0.8516875297100301
132,PSOL,1,0.14285714285714285,0.03571428571428571,0.028283948661067978
132,PV,1,0.14285714285714285,0.5,0.12002852162890192
133,CIDADANIA,2,0.15384615384615385,0.046153846153846156,0.09108832807570978
133,PDT,2,0.15384615384615385,0.046153846153846156,0.11711356466876971
133,PL,3,0.23076923076923078,0.1076923076923077,0.22860804416403785
133,PP,1,0.07692307692307693,0.03076923076923077,0.08891955835962145
133,PSD,1,0.07692307692307693,0.015384615384615385,0.09335567823343849
133,PSOL,1,0.07692307692307693,0.13846153846153847,0.08566640378548895
133,REPUBLICANOS,1,0.07692307692307693,0.046153846153846156,0.06959779179810725
133,SOLIDARIEDADE,1,0.07692307692307693,0.1076923076923077,0.103903785488959
133,UNIÃO,1,0.07692307692307693,0.46153846153846156,0.12174684542586751
134,NAO_INFORMADO,5,0.8333333333333334,0.47619047619047616,0.8981015389040702
134,PDT,1,0.16666666666666666,0.5238095238095238,0.10189846109592982
135,NAO_INFORMADO,7,0.7,0.4074074074074074,0.656563469726492
135,PL,1,0.1,0.037037037037037035,0.02172187342137548
135,PSOL,1,0.1,0.5185185185185185,0.20798152558273797
135,PT,1,0.1,0.037037037037037035,0.11373313126939454
136,NAO_INFORMADO,9,0.9,0.5217391304347826,0.611842756708585
136,PSOL,1,0.1,0.4782608695652174,0.388157243291415
137,NAO_INFORMADO,3,0.375,0.25,0.7433843384338434
137,PL,1,0.125,0.5357142857142857,0.09675967596759676
137,PSD,1,0.125,0.03571428571428571,0.018001800180018002
137,PT,1,0.125,0.03571428571428571,0.03717371737173717
137,PV,1,0.125,0.03571428571428571,0.03609360936093609
137,REPUBLICANOS,1,0.125,0.10714285714285714,0.06858685868586858
138,NAO_INFORMADO,2,0.6666666666666666,0.5238095238095238,0.6202101859337106
138,PSD,1,0.3333333333333333,0.47619047619047616,0.3797898140662894
139,NAO_INFORMADO,8,0.8,0.44,0.768595041322314
139,PSOL,1,0.1,0.16,0.1250219799542817
139,REPUBLICANOS,1,0.1,0.4,0.10638297872340426
140,MDB,1,0.3333333333333333,0.5714285714285714,0.07686907686907687
140,NAO_INFORMADO,1,0.3333333333333333,0.2857142857142857,0.7593307593307593
140,PT,1,0.3333333333333333,0.14285714285714285,0.1638001638001638
141,NAO_INFORMADO,9,0.8181818181818182,0.45454545454545453,0.8184332260659695
141,PSOL,2,0.18181818181818182,0.5454545454545454,0.18156677393403056
142,NAO_INFORMADO,9,0.9,0.4909090909090909,0.8459028550241009
142,REPUBLICANOS,1,0.1,0.509090909090909,0.15409714497589916
143,NAO_INFORMADO,11,0.8461538461538461,0.44642857142857145,0.7146545249718362
143,REPUBLICANOS,1,0.07692307692307693,0.16071428571428573,0.12988171235448742
143,UNIÃO,1,0.07692307692307693,0.39285714285714285,0.15546376267367631
144,MDB,5,0.19230769230769232,0.08653846153846154,0.08573607932875667
144,NAO_INFORMADO,1,0.038461538461538464,0.14423076923076922,0.44839816933638443
144,PATRIOTA,1,0.038461538461538464,0.009615384615384616,0.04042715484363082
144,PDT,2,0.07692307692307693,0.038461538461538464,0.03905415713196034
144,PL,2,0.07692307692307693,0.10576923076923077,0.06857360793287567
144,PP,4,0.15384615384615385,0.038461538461538464,0.05316552250190694
144,PSB,1,0.038461538461538464,0.009615384615384616,0.018459191456903126
144,PSD,1,0.038461538461538464,0.4326923076923077,0.06250953470633104
144,PSOL,1,0.038461538461538464,0.009615384615384616,0.03119755911517925
144,PT,5,0.19230769230769232,0.07692307692307693,0.10614035087719298
144,REPUBLICANOS,1,0.038461538461538464,0.009615384615384616,0.014035087719298246
144,UNIÃO,2,0.07692307692307693,0.038461538461538464,0.032303585049580474
145,NAO_INFORMADO,1,0.043478260869565216,0.19540229885057472,0.3656803398879573
145,NOVO,1,0.043478260869565216,0.020114942528735632,0.025190810993721096
145,PCdoB,1,0.043478260869565216,0.020114942528735632,0.024814828740083467
145,PDT,1,0.043478260869565216,0.014367816091954023,0.0025942775500996354
145,PL,9,0.391304347826087,0.5948275862068966,0.36214610670376357
145,PODE,1,0.043478260869565216,0.005747126436781609,0.024514042937173366
145,PP,1,0.043478260869565216,0.005747126436781609,0.056246945144189195
145,PSB,3,0.13043478260869565,0.08620689655172414,0.0257923825995413
145,PT,4,0.17391304347826086,0.05172413793103448,0.07801631762980787
145,UNIÃO,1,0.043478260869565216,0.005747126436781609,0.03500394781366319
146,MDB,1,0.06666666666666667,0.09259259259259259,0.0896333585779837
146,NAO_INFORMADO,12,0.8,0.37037037037037035,0.7101617142602575
146,PSOL,1,0.06666666666666667,0.037037037037037035,0.02659598164565421
146,PT,1,0.06666666666666667,0.5,0.1736089455161046
147,NAO_INFORMADO,14,0.875,0.475,0.6369122586062133
147,PCdoB,1,0.0625,0.5,0.3086167086481948
147,PT,1,0.0625,0.025,0.05447103274559194
148,NAO_INFORMADO,8,0.8,0.43636363636363634,0.6155618574973414
148,PL,1,0.1,0.4727272727272727,0.27481389578163773
148,PSD,1,0.1,0.09090909090909091,0.10962424672102092
149,NAO_INFORMADO,9,0.9,0.5128205128205128,0.9183317907116023
149,PT,1,0.1,0.48717948717948717,0.08166820928839767
150,NAO_INFORMADO,5,0.8333333333333334,0.5,0.7912533184295095
150,PSD,1,0.16666666666666666,0.5,0.20874668157049042
151,NAO_INFORMADO,10,0.8333333333333334,0.4716981132075472,0.7880676758682101
151,PT,2,0.16666666666666666,0.5283018867924528,0.21193232413178986
152,NAO_INFORMADO,6,0.6666666666666666,0.5,0.737662755184054
152,PCdoB,1,0.1111111111111111,0.4444444444444444,0.12714997588812088
152,PDT,1,0.1111111111111111,0.027777777777777776,0.02362964153673043
152,PT,1,0.1111111111111111,0.027777777777777776,0.11155762739109468
153,CIDADANIA,1,0.02631578947368421,0.010810810810810811,0.018916002846582954
153,MDB,1,0.02631578947368421,0.010810810810810811,0.020499988521842934
153,NAO_INFORMADO,22,0.5789473684210527,0.34594594594594597,0.6229884529739905
153,NOVO,1,0.02631578947368421,0.3945945945945946,0.1537154794426207
153,PDT,1,0.02631578947368421,0.03783783783783784,0.02100502743279539
153,PL,1,0.02631578947368421,0.005405405405405406,0.01010077821904915
153,PP,2,0.05263157894736842,0.08648648648648649,0.053120910906544846
153,PSOL,1,0.02631578947368421,0.016216216216216217,0.023622047244094488
153,PT,4,0.10526315789473684,0.06486486486486487,0.052478134110787174
153,REPUBLICANOS,2,0.05263157894736842,0.010810810810810811,0.020936158490392782
153,UNIÃO,2,0.05263157894736842,0.016216216216216217,0.0026170198112990977
154,NAO_INFORMADO,12,0.9230769230769231,0.4827586206896552,0.8174482859797545
154,PSDB,1,0.07692307692307693,0.5172413793103449,0.18255171402024548
155,NAO_INFORMADO,8,0.7272727272727273,0.45161290322580644,0.7097845113780407
155,PDT,1,0.09090909090909091,0.06451612903225806,0.06989798998008089
155,PT,1,0.09090909090909091,0.03225806451612903,0.009778475282187482
155,PV,1,0.09090909090909091,0.45161290322580644,0.21053902335969096
156,NAO_INFORMADO,8,0.8888888888888888,0.4827586206896552,0.7628842845388586
156,PT,1,0.1111111111111111,0.5172413793103449,0.23711571546114144
157,NAO_INFORMADO,7,0.7,0.4423076923076923,0.7994366197183098
157,PT,1,0.1,0.1346153846153846,0.08419974391805378
157,REPUBLICANOS,1,0.1,0.15384615384615385,0.08286811779769526
157,UNIÃO,1,0.1,0.2692307692307692,0.0334955185659411
158,NAO_INFORMADO,8,0.8888888888888888,0.4642857142857143,0.837057078024088
158,PT,1,0.1111111111111111,0.5357142857142857,0.16294292197591204
159,NAO_INFORMADO,10,0.6666666666666666,0.35714285714285715,0.6246924737661295
159,PDT,1,0.06666666666666667,0.017857142857142856,0.019531053873575337
159,PL,1,0.06666666666666667,0.03571428571428571,0.03032585228699101
159,PSDB,1,0.06666666666666667,0.017857142857142856,0.016317718531907416
159,REPUBLICANOS,1,0.06666666666666667,0.07142857142857142,0.09333735000251042
159,SOLIDARIEDADE,1,0.06666666666666667,0.5,0.21579555153888638
160,NAO_INFORMADO,11,0.9166666666666666,0.46774193548387094,0.8255827505827505
160,PSOL,1,0.08333333333333333,0.532258064516129,0.17441724941724943
161,NAO_INFORMADO,8,0.6153846153846154,0.32727272727272727,0.7261183824965813
161,PL,1,0.07692307692307693,0.01818181818181818,0.028570033209611254
161,PP,2,0.15384615384615385,0.36363636363636365,0.17327603047470208
161,UNIÃO,2,0.15384615384615385,0.2909090909090909,0.0720355538191053
162,NAO_INFORMADO,7,0.7777777777777778,0.47368421052631576,0.8783077425677883
162,PT,2,0.2222222222222222,0.5263157894736842,0.1216922574322117
163,NAO_INFORMADO,7,0.875,0.4864864864864865,0.8781011450381679
163,PT,1,0.125,0.5135135135135135,0.12189885496183206
164,NAO_INFORMADO,7,0.875,0.494949494949495,0.7838450157203625
164,PDT,1,0.125,0.5050505050505051,0.2161549842796375
165,NAO_INFORMADO,9,0.6923076923076923,0.4857142857142857,0.6644122650512427
165,PSD,1,0.07692307692307693,0.05714285714285714,0.014522218995062446
165,PSDB,1,0.07692307692307693,0.34285714285714286,0.15866561553462513
165,UNIÃO,2,0.15384615384615385,0.11428571428571428,0.16239990041906974
166,NAO_INFORMADO,8,0.7272727272727273,0.47674418604651164,0.7226111862518896
166,PL,1,0.09090909090909091,0.011627906976744186,0.007558278303763227
166,PSD,2,0.18181818181818182,0.5116279069767442,0.2698305354443472
167,NAO_INFORMADO,16,0.8421052631578947,0.41025641025641024,0.7250597275133983
167,PP,2,0.10526315789473684,0.5384615384615384,0.2369083747659327
167,UNIÃO,1,0.05263157894736842,0.05128205128205128,0.03803189772066895
168,NAO_INFORMADO,8,0.8,0.4482758620689655,0.7217284288253795
168,PCdoB,1,0.1,0.5172413793103449,0.26569123478736495
168,PP,1,0.1,0.034482758620689655,0.012580336387255572
169,NAO_INFORMADO,10,0.625,0.3333333333333333,0.5637996504128745
169,PSOL,1,0.0625,0.4666666666666667,0.2743053462720752
169,PT,4,0.25,0.16666666666666666,0.1445964679645591
169,REDE,1,0.0625,0.03333333333333333,0.01729853535049123
170,NAO_INFORMADO,19,0.9047619047619048,0.49206349206349204,0.8079868708971554
170,PT,2,0.09523809523809523,0.5079365079365079,0.19201312910284463
171,AVANTE,1,0.03333333333333333,0.03859649122807018,0.015349474645957059
171,MDB,2,0.06666666666666667,0.056140350877192984,0.07385411908024973
171,NAO_INFORMADO,2,0.06666666666666667,0.042105263157894736,0.3139333028780265
171,PATRIOTA,1,0.03333333333333333,0.010526315789473684,0.030851225826100198
171,PDT,1,0.03333333333333333,0.021052631578947368,0.02436424546977311
171,PL,8,0.26666666666666666,0.5368421052631579,0.19488350845134764
171,PP,4,0.13333333333333333,0.10526315789473684,0.09611694837825491
171,PSD,2,0.06666666666666667,0.06315789473684211,0.044952032891731386
171,PSOL,2,0.06666666666666667,0.06666666666666667,0.06952946550936501
171,PT,5,0.16666666666666666,0.05263157894736842,0.10567991472514085
171,REPUBLICANOS,1,0.03333333333333333,0.0035087719298245615,0.01407035175879397
171,SOLIDARIEDADE,1,0.03333333333333333,0.0035087719298245615,0.01641541038525963
172,NAO_INFORMADO,14,0.875,0.4782608695652174,0.8113795791114575
172,PT,2,0.125,0.5217391304347826,0.18862042088854247
173,NAO_INFORMADO,7,0.7777777777777778,0.4375,0.7870883348722684
173,UNIÃO,2,0.2222222222222222,0.5625,0.2129116651277316
174,NAO_INFORMADO,4,0.6666666666666666,0.4594594594594595,0.7282411178645278
174,PL,1,0.16666666666666666,0.1891891891891892,0.09994360548906574
174,PP,1,0.16666666666666666,0.35135135135135137,0.17181527664640642
175,NAO_INFORMADO,3,0.6,0.48484848484848486,0.8013105051786091
175,PL,1,0.2,0.42424242424242425,0.16529274994715704
175,PSB,1,0.2,0.09090909090909091,0.033396744874233775
176,NAO_INFORMADO,7,0.7777777777777778,0.41379310344827586,0.7784573980059942
176,PSOL,1,0.1111111111111111,0.5172413793103449,0.1852101045935531
176,SOLIDARIEDADE,1,0.1111111111111111,0.06896551724137931,0.03633249740045263
177,NAO_INFORMADO,16,0.8421052631578947,0.42574257425742573,0.6587406228688338
177,NOVO,1,0.05263157894736842,0.22772277227722773,0.12862014094112298
177,REPUBLICANOS,1,0.05263157894736842,0.33663366336633666,0.19936349170265968
177,UNIÃO,1,0.05263157894736842,0.009900990099009901,0.013275744487383495
178,NAO_INFORMADO,17,0.85,0.46296296296296297,0.829550347542597
178,PSOL,1,0.05,0.18518518518518517,0.11158270283570154
178,PT,1,0.05,0.3333333333333333,0.033708556314203116
178,REPUBLICANOS,1,0.05,0.018518518518518517,0.02515839330749831
179,CIDADANIA,1,0.14285714285714285,0.5172413793103449,0.16550700436033028
179,NAO_INFORMADO,6,0.8571428571428571,0.4827586206896552,0.8344929956396697
180,NAO_INFORMADO,7,0.5384615384615384,0.3488372093023256,0.7333527526944363
180,PL,2,0.15384615384615385,0.13953488372093023,0.0794057675502476
180,PSD,1,0.07692307692307693,0.4186046511627907,0.03926594815030585
180,PSOL,3,0.23076923076923078,0.09302325581395349,0.1479755316050102
181,NAO_INFORMADO,6,0.8571428571428571,0.5,0.8672484685743056
181,UNIÃO,1,0.14285714285714285,0.5,0.13275153142569437
182,NAO_INFORMADO,9,0.5294117647058824,0.39215686274509803,0.6840793243293523
182,PSB,1,0.058823529411764705,0.029411764705882353,0.04438739442646129
182,PT,1,0.058823529411764705,0.00980392156862745,0.013989656583696096
182,REPUBLICANOS,4,0.23529411764705882,0.5490196078431373,0.21665364437995313
182,SOLIDARIEDADE,1,0.058823529411764705,0.00980392156862745,0.02046359340700227
182,UNIÃO,1,0.058823529411764705,0.00980392156862745,0.020426386873534992
183,MDB,1,0.034482758620689655,0.008333333333333333,0.014386590114168811
183,NAO_INFORMADO,3,0.10344827586206896,0.16666666666666666,0.47696825711080315
183,PDT,3,0.10344827586206896,0.05,0.055104599749224575
183,PL,4,0.13793103448275862,0.25,0.12307793836204052
183,PP,2,0.06896551724137931,0.058333333333333334,0.07180096350557645
183,PSB,2,0.06896551724137931,0.016666666666666666,0.024747574737675707
183,PSD,4,0.13793103448275862,0.31666666666666665,0.07496865307199894
183,PSOL,1,0.034482758620689655,0.008333333333333333,0.010954926417211113
183,PT,4,0.13793103448275862,0.058333333333333334,0.04959413977430212
183,REDE,1,0.034482758620689655,0.008333333333333333,0.023955652346070087
183,REPUBLICANOS,1,0.034482758620689655,0.008333333333333333,0.02484656503662641
183,UNIÃO,3,0.10344827586206896,0.05,0.04959413977430212
184,NAO_INFORMADO,9,0.6923076923076923,0.4146341463414634,0.7773820124666073
184,PCdoB,1,0.07692307692307693,0.024390243902439025,0.01964276360588759
184,PSD,2,0.15384615384615385,0.04878048780487805,0.02969985857210204
184,PSDB,1,0.07692307692307693,0.5121951219512195,0.17327536535540308
185,MDB,1,0.1,0.46511627906976744,0.1228813559322034
185,NAO_INFORMADO,8,0.8,0.4883720930232558,0.8630296610169491
185,UNIÃO,1,0.1,0.046511627906976744,0.014088983050847458
186,NAO_INFORMADO,6,0.6666666666666666,0.4074074074074074,0.6926688577369374
186,PSOL,2,0.2222222222222222,0.5555555555555556,0.2511234824602589
186,REPUBLICANOS,1,0.1111111111111111,0.037037037037037035,0.05620765980280368
187,NAO_INFORMADO,17,0.8947368421052632,0.46296296296296297,0.7299430334678376
187,PT,1,0.05263157894736842,0.2222222222222222,0.1890576786138144
187,REPUBLICANOS,1,0.05263157894736842,0.3148148148148148,0.08099928791834797
188,NAO_INFORMADO,8,0.8888888888888888,0.5,0.8919568701733935
188,PT,1,0.1111111111111111,0.5,0.10804312982660644
189,CIDADANIA,1,0.2,0.5172413793103449,0.18945354029342973
189,NAO_INFORMADO,4,0.8,0.4827586206896552,0.8105464597065702
190,MDB,1,0.07142857142857142,0.08,0.023635307781649247
190,NAO_INFORMADO,10,0.7142857142857143,0.44,0.7912891986062718
190,PSB,1,0.07142857142857142,0.06,0.016144018583042975
190,PT,1,0.07142857142857142,0.38,0.13850174216027875
190,UNIÃO,1,0.07142857142857142,0.04,0.030429732868757258
191,NAO_INFORMADO,9,0.8181818181818182,0.5,0.896609651802077
191,PL,1,0.09090909090909091,0.038461538461538464,0.02069334147831399
191,PODE,1,0.09090909090909091,0.46153846153846156,0.08269700671960904
192,NAO_INFORMADO,4,0.6666666666666666,0.4358974358974359,0.6265138408304498
192,PSDB,1,0.16666666666666666,0.05128205128205128,0.14064302191464823
192,REPUBLICANOS,1,0.16666666666666666,0.5128205128205128,0.23284313725490197
193,NAO_INFORMADO,9,0.75,0.4423076923076923,0.7153617608904883
193,PL,1,0.08333333333333333,0.23076923076923078,0.13516340963300832
193,PSDB,1,0.08333333333333333,0.3076923076923077,0.12922124115997824
193,PT,1,0.08333333333333333,0.019230769230769232,0.020253588316525087
194,NAO_INFORMADO,6,0.6666666666666666,0.28125,0.7086156053239818
194,PL,1,0.1111111111111111,0.15625,0.10974734996413485
194,PSB,1,0.1111111111111111,0.53125,0.16163226269227704
194,UNIÃO,1,0.1111111111111111,0.03125,0.02000478201960628
195,CIDADANIA,1,0.25,0.5217391304347826,0.2165216408633744
195,NAO_INFORMADO,3,0.75,0.4782608695652174,0.7834783591366256
196,NAO_INFORMADO,3,0.75,0.47058823529411764,0.5910661717650071
196,PP,1,0.25,0.5294117647058824,0.40893382823499297
197,NAO_INFORMADO,9,0.75,0.39285714285714285,0.8633304067895815
197,PSD,2,0.16666666666666666,0.5714285714285714,0.0803628914252268
197,PSDB,1,0.08333333333333333,0.03571428571428571,0.05630670178519169
198,NAO_INFORMADO,9,0.9,0.48717948717948717,0.8107045660719685
198,PT,1,0.1,0.5128205128205128,0.18929543392803144
199,MDB,1,0.03225806451612903,0.005194805194805195,0.042264795346603344
199,NAO_INFORMADO,1,0.03225806451612903,0.19220779220779222,0.39700624366294895
199,NOVO,1,0.03225806451612903,0.007792207792207792,0.02265328993009232
199,PDT,3,0.0967741935483871,0.03116883116883117,0.029510646245797533
199,PL,9,0.2903225806451613,0.5662337662337662,0.2725065371684722
199,PP,1,0.03225806451612903,0.025974025974025976,0.02219969048508458
199,PSB,1,0.03225806451612903,0.033766233766233764,0.02027856342387534
199,PT,10,0.3225806451612903,0.1012987012987013,0.13749399647793373
199,PV,1,0.03225806451612903,0.005194805194805195,0.011500080046960884
199,SOLIDARIEDADE,2,0.06451612903225806,0.02077922077922078,0.04362559368162655
199,UNIÃO,1,0.03225806451612903,0.01038961038961039,0.0009605635306046213
200,NAO_INFORMADO,8,0.8,0.475,0.7500877008349119
200,PDT,1,0.1,0.025,0.017750648986178348
200,PT,1,0.1,0.5,0.2321616501789097
201,MDB,1,0.020833333333333332,0.0029069767441860465,0.010784760484416643
201,NAO_INFORMADO,29,0.6041666666666666,0.3633720930232558,0.5440711435160253
201,NOVO,3,0.0625,0.13372093023255813,0.09296159741497162
201,PL,10,0.20833333333333334,0.45930232558139533,0.30592264247345236
201,PSD,1,0.020833333333333332,0.0029069767441860465,0.01358796967562865
201,REPUBLICANOS,3,0.0625,0.02616279069767442,0.028971097946614746
201,UNIÃO,1,0.020833333333333332,0.011627906976744186,0.00370078848889073
202,NAO_INFORMADO,5,0.8333333333333334,0.5,0.6834376778599887
202,PCdoB,1,0.16666666666666666,0.5,0.3165623221400114
203,NAO_INFORMADO,5,0.5555555555555556,0.375,0.6089001447178003
203,PSDB,1,0.1111111111111111,0.09375,0.12445730824891461
203,PT,3,0.3333333333333333,0.53125,0.2666425470332851
204,NAO_INFORMADO,6,0.75,0.44,0.8943433275432369
204,UNIÃO,2,0.25,0.56,0.10565667245676308
205,MDB,1,0.05555555555555555,0.01282051282051282,0.02222139507183801
205,NAO_INFORMADO,11,0.6111111111111112,0.2564102564102564,0.5662547457753294
205,PL,3,0.16666666666666666,0.3076923076923077,0.22091118886324723
205,UNIÃO,3,0.16666666666666666,0.4230769230769231,0.19061267028958534
206,NAO_INFORMADO,16,0.8888888888888888,0.4418604651162791,0.7671803002526879
206,PT,2,0.1111111111111111,0.5581395348837209,0.2328196997473121
