id_audiencia,estado,quantidade_participantes_do_estado_na_audiencia,porcentagem_participantes_do_estado_sobre_total_participantes_audiencia,porcentagem_falas_do_estado_sobre_total_falas_audiencia,porcentagem_palavras_do_estado_sobre_total_palavras_audiencia
1,DF,1,0.058823529411764705,0.015384615384615385,0.021050469784874466
1,ES,1,0.058823529411764705,0.015384615384615385,0.021974636751039688
1,NAO_INFORMADO,4,0.23529411764705882,0.18461538461538463,0.42824870359911693
1,PI,1,0.058823529411764705,0.015384615384615385,0.014940699286337731
1,PR,1,0.058823529411764705,0.03076923076923077,0.019510191507932432
1,RN,1,0.058823529411764705,0.03076923076923077,0.02161523848641988
1,RS,4,0.23529411764705882,0.5846153846153846,0.3556502541459157
1,SP,4,0.23529411764705882,0.12307692307692308,0.1170098064383632
2,AP,2,0.08,0.056,0.02207373425085602
2,BA,2,0.08,0.04,0.04920049200492005
2,CE,1,0.04,0.016,0.02167481134270802
2,DF,1,0.04,0.032,0.01828396662345002
2,MG,6,0.24,0.4,0.15561317775339917
2,NAO_INFORMADO,2,0.08,0.216,0.5159735381137596
2,PE,1,0.04,0.008,0.022439413583325022
2,PI,1,0.04,0.008,0.01077091851999601
2,PR,3,0.12,0.04,0.03653468967122104
2,RJ,1,0.04,0.048,0.025298361091719027
2,RN,1,0.04,0.008,0.022672118613078024
2,RO,1,0.04,0.016,0.024965925334929025
2,SP,2,0.08,0.024,0.03869552209035604
2,TO,1,0.04,0.088,0.03580333100628304
3,AM,1,0.058823529411764705,0.028985507246376812,0.06696204648052165
3,BA,1,0.058823529411764705,0.028985507246376812,0.03778632335729811
3,DF,1,0.058823529411764705,0.014492753623188406,0.020941314161511453
3,GO,1,0.058823529411764705,0.028985507246376812,0.006855040963049657
3,MG,2,0.11764705882352941,0.07246376811594203,0.09709914729978264
3,NAO_INFORMADO,1,0.058823529411764705,0.057971014492753624,0.3979267680989801
3,PA,1,0.058823529411764705,0.028985507246376812,0.02742016385219863
3,PB,1,0.058823529411764705,0.08695652173913043,0.07732820598562114
3,PE,2,0.11764705882352941,0.5217391304347826,0.1139859555258318
3,RJ,1,0.058823529411764705,0.014492753623188406,0.017095803377361645
3,RS,2,0.11764705882352941,0.043478260869565216,0.06955358635679652
3,SP,3,0.17647058823529413,0.07246376811594203,0.06704564454104665
4,ES,1,0.3333333333333333,0.43478260869565216,0.25460254031682605
4,NAO_INFORMADO,1,0.3333333333333333,0.4782608695652174,0.7309833024118738
4,SP,1,0.3333333333333333,0.08695652173913043,0.014414157271300129
5,AM,1,0.058823529411764705,0.019230769230769232,0.07002043514845534
5,DF,1,0.058823529411764705,0.019230769230769232,0.0664743358576752
5,MG,1,0.058823529411764705,0.21153846153846154,0.10139439836518813
5,MS,1,0.058823529411764705,0.07692307692307693,0.04183195095564371
5,NAO_INFORMADO,10,0.5882352941176471,0.3269230769230769,0.5998317105421325
5,PA,1,0.058823529411764705,0.3076923076923077,0.07092198581560284
5,RJ,1,0.058823529411764705,0.019230769230769232,0.01694915254237288
5,SC,1,0.058823529411764705,0.019230769230769232,0.03257603077292944
6,AL,1,0.043478260869565216,0.12954638332652227,0.09445633044618516
6,MA,1,0.043478260869565216,0.015120555782590927,0.03485282445909107
6,MG,1,0.043478260869565216,0.0298324478953821,0.04210807826357017
6,NAO_INFORMADO,13,0.5652173913043478,0.46710257458111976,0.3987111356499534
6,PA,1,0.043478260869565216,0.0018389865140988966,0.006375306256254529
6,PB,1,0.043478260869565216,0.0026563138536984062,0.007867766313537389
6,RJ,4,0.17391304347826086,0.2595014303228443,0.3139342282342386
6,SP,1,0.043478260869565216,0.09440130772374336,0.10169433037716967
7,AM,1,0.07692307692307693,0.05263157894736842,0.04105187225391829
7,CE,2,0.15384615384615385,0.5526315789473685,0.2279493737294249
7,MG,1,0.07692307692307693,0.02631578947368421,0.09456357793953701
7,NAO_INFORMADO,1,0.07692307692307693,0.07894736842105263,0.0908256279100269
7,PA,1,0.07692307692307693,0.02631578947368421,0.07121778477277199
7,PB,2,0.15384615384615385,0.07894736842105263,0.1828972391632238
7,PR,2,0.15384615384615385,0.07894736842105263,0.16453537936913895
7,SP,3,0.23076923076923078,0.10526315789473684,0.12695914486195817
8,NAO_INFORMADO,3,0.75,0.4827586206896552,0.9415902792581539
8,RJ,1,0.25,0.5172413793103449,0.05840972074184609
9,MG,1,0.2,0.5454545454545454,0.1651006711409396
9,NAO_INFORMADO,4,0.8,0.45454545454545453,0.8348993288590604
10,AM,1,0.0625,0.4567901234567901,0.10802622654307031
10,NAO_INFORMADO,13,0.8125,0.49382716049382713,0.8728917024643907
10,PE,1,0.0625,0.012345679012345678,0.011168889893737282
10,SP,1,0.0625,0.037037037037037035,0.007913181098801719
11,NAO_INFORMADO,7,0.7777777777777778,0.45161290322580644,0.8310718729632044
11,RN,1,0.1111111111111111,0.5161290322580645,0.10695028737334834
11,SE,1,0.1111111111111111,0.03225806451612903,0.0619778396634473
12,CE,1,0.07142857142857142,0.023809523809523808,0.042244747720708985
12,DF,1,0.07142857142857142,0.023809523809523808,0.05368367404722804
12,MA,1,0.07142857142857142,0.047619047619047616,0.06806727447760348
12,MG,1,0.07142857142857142,0.023809523809523808,0.044623138343054536
12,NAO_INFORMADO,9,0.6428571428571429,0.40476190476190477,0.6714423240274081
12,PE,1,0.07142857142857142,0.47619047619047616,0.11993884138399682
13,ES,2,0.1111111111111111,0.04918032786885246,0.07811415841945733
13,MG,4,0.2222222222222222,0.6721311475409836,0.4899024942482562
13,NAO_INFORMADO,12,0.6666666666666666,0.2786885245901639,0.43198334733228644
14,MG,1,0.09090909090909091,0.029411764705882353,0.0425531914893617
14,NAO_INFORMADO,8,0.7272727272727273,0.4117647058823529,0.6682746145232148
14,SP,2,0.18181818181818182,0.5588235294117647,0.28917219398742355
15,BA,1,0.06666666666666667,0.03225806451612903,0.02354212496623056
15,CE,1,0.06666666666666667,0.024193548387096774,0.002971710856393038
15,DF,1,0.06666666666666667,0.3548387096774194,0.1509011616687893
15,MG,1,0.06666666666666667,0.008064516129032258,0.0425301995291575
15,NAO_INFORMADO,4,0.26666666666666666,0.29838709677419356,0.572343792211802
15,PR,1,0.06666666666666667,0.008064516129032258,0.017019798541160126
15,RN,2,0.13333333333333333,0.03225806451612903,0.04399675813361121
15,RO,1,0.06666666666666667,0.016129032258064516,0.013662151209910848
15,RS,2,0.13333333333333333,0.0967741935483871,0.10586237505306627
15,SP,1,0.06666666666666667,0.12903225806451613,0.027169927829879204
16,BA,1,0.04,0.06179775280898876,0.01948071713389949
16,DF,2,0.08,0.38202247191011235,0.09591209326393328
16,ES,3,0.12,0.07865168539325842,0.07993181749003135
16,MA,1,0.04,0.0028089887640449437,0.01963291023650808
16,MG,3,0.12,0.07865168539325842,0.11055306973487962
16,MS,1,0.04,0.06460674157303371,0.04300977079718747
16,NAO_INFORMADO,1,0.04,0.17415730337078653,0.2864578577298877
16,PR,3,0.12,0.014044943820224719,0.03649590600553983
16,RJ,4,0.16,0.019662921348314606,0.09414665327367364
16,RS,2,0.08,0.056179775280898875,0.03616108117980093
16,SP,4,0.16,0.06741573033707865,0.17821812315465863
17,MG,1,0.08333333333333333,0.061224489795918366,0.052433437655916904
17,MS,1,0.08333333333333333,0.02040816326530612,0.00027214587018641994
17,MT,2,0.16666666666666666,0.1836734693877551,0.08259627160157845
17,NAO_INFORMADO,4,0.3333333333333333,0.22448979591836735,0.6855354469995918
17,PB,1,0.08333333333333333,0.02040816326530612,0.03147820565156257
17,RJ,1,0.08333333333333333,0.02040816326530612,0.03927972059690661
17,SP,2,0.16666666666666666,0.46938775510204084,0.10840477162425727
18,MG,2,0.2,0.5757575757575758,0.22280880676705261
18,NAO_INFORMADO,8,0.8,0.42424242424242425,0.7771911932329474
19,NAO_INFORMADO,7,0.7,0.37037037037037035,0.6704074164430349
19,RJ,2,0.2,0.5925925925925926,0.26982190778238596
19,SP,1,0.1,0.037037037037037035,0.05977067577457917
20,MG,1,0.1,0.5238095238095238,0.2550905683947533
20,NAO_INFORMADO,6,0.6,0.2857142857142857,0.5454091193004372
20,RJ,2,0.2,0.14285714285714285,0.14990630855715179
20,SP,1,0.1,0.047619047619047616,0.04959400374765771
21,DF,1,0.06666666666666667,0.0851063829787234,0.20716771050800278
21,NAO_INFORMADO,13,0.8666666666666667,0.40425531914893614,0.5764091858037579
21,PR,1,0.06666666666666667,0.5106382978723404,0.2164231036882394
22,BA,1,0.16666666666666666,0.08108108108108109,0.11878501400560224
22,NAO_INFORMADO,4,0.6666666666666666,0.43243243243243246,0.6377801120448179
22,PE,1,0.16666666666666666,0.4864864864864865,0.24343487394957983
23,CE,1,0.09090909090909091,0.1232876712328767,0.07136083451872925
23,NAO_INFORMADO,7,0.6363636363636364,0.3698630136986301,0.7103840682788051
23,PA,1,0.09090909090909091,0.136986301369863,0.05419630156472262
23,PE,1,0.09090909090909091,0.0136986301369863,0.014129919393077287
23,RJ,1,0.09090909090909091,0.3561643835616438,0.14992887624466572
24,NAO_INFORMADO,16,0.9411764705882353,0.49019607843137253,0.8471628888777203
24,SP,1,0.058823529411764705,0.5098039215686274,0.15283711112227974
25,BA,1,0.037037037037037035,0.023529411764705882,0.0025588921502220216
25,MG,5,0.18518518518518517,0.5882352941176471,0.38996763754045305
25,NAO_INFORMADO,21,0.7777777777777778,0.38823529411764707,0.6074734703093249
26,CE,1,0.125,0.5263157894736842,0.31922803132168
26,NAO_INFORMADO,7,0.875,0.47368421052631576,0.68077196867832
27,DF,1,0.09090909090909091,0.3898305084745763,0.12856510466072218
27,NAO_INFORMADO,10,0.9090909090909091,0.6101694915254238,0.8714348953392778
28,MT,1,0.14285714285714285,0.05128205128205128,0.04771371769383698
28,NAO_INFORMADO,5,0.7142857142857143,0.46153846153846156,0.6348965033329436
28,RJ,1,0.14285714285714285,0.48717948717948717,0.3173897789732195
29,AL,1,0.0625,0.48214285714285715,0.22497773193943088
29,CE,1,0.0625,0.03571428571428571,0.028971918803619146
29,DF,2,0.125,0.03571428571428571,0.0689606675730158
29,NAO_INFORMADO,10,0.625,0.4107142857142857,0.5807978997702874
29,RJ,2,0.125,0.03571428571428571,0.0962917819136468
30,NAO_INFORMADO,6,0.8571428571428571,0.5,0.6924962549366744
30,SC,1,0.14285714285714285,0.5,0.3075037450633256
31,AC,1,0.07142857142857142,0.40625,0.10024943579997625
31,AL,1,0.07142857142857142,0.03125,0.016094548046086232
31,AP,1,0.07142857142857142,0.0625,0.04822425466207388
31,NAO_INFORMADO,11,0.7857142857142857,0.5,0.8354317614918636
32,DF,1,0.08333333333333333,0.25,0.07436157864190365
32,NAO_INFORMADO,9,0.75,0.4375,0.75507835171213
32,SP,2,0.16666666666666666,0.3125,0.17056006964596634
33,DF,1,0.14285714285714285,0.034482758620689655,0.03674363728299343
33,ES,1,0.14285714285714285,0.5172413793103449,0.2134670487106017
33,NAO_INFORMADO,4,0.5714285714285714,0.41379310344827586,0.6617225686836339
33,RS,1,0.14285714285714285,0.034482758620689655,0.08806674532277094
34,AC,2,0.18181818181818182,0.5609756097560976,0.19230769230769232
34,MA,1,0.09090909090909091,0.04878048780487805,0.03431438127090301
34,NAO_INFORMADO,5,0.45454545454545453,0.3170731707317073,0.6316387959866221
34,SC,1,0.09090909090909091,0.024390243902439025,0.050434782608695654
34,SP,2,0.18181818181818182,0.04878048780487805,0.09130434782608696
35,AL,1,0.06666666666666667,0.03773584905660377,0.022724847967566415
35,DF,1,0.06666666666666667,0.03773584905660377,0.021160069703759023
35,MA,1,0.06666666666666667,0.1320754716981132,0.0968384366442619
35,NAO_INFORMADO,10,0.6666666666666666,0.37735849056603776,0.6965397062484441
35,PE,1,0.06666666666666667,0.018867924528301886,0.03787474661261069
35,RJ,1,0.06666666666666667,0.39622641509433965,0.12486219282335788
36,DF,1,0.05263157894736842,0.06060606060606061,0.023782460435428872
36,NAO_INFORMADO,17,0.8947368421052632,0.42424242424242425,0.8079916061904345
36,PE,1,0.05263157894736842,0.5151515151515151,0.16822593337413658
37,AP,1,0.2,0.058823529411764705,0.05637657361795293
37,GO,1,0.2,0.5294117647058824,0.20005473453749315
37,NAO_INFORMADO,2,0.4,0.35294117647058826,0.64792008757526
37,RJ,1,0.2,0.058823529411764705,0.09564860426929392
38,ES,1,0.1,0.024390243902439025,0.03606403013182674
38,NAO_INFORMADO,6,0.6,0.3902439024390244,0.5792843691148776
38,PB,1,0.1,0.0975609756097561,0.11685499058380415
38,RS,2,0.2,0.4878048780487805,0.2677966101694915
39,AP,1,0.0625,0.015384615384615385,0.016017640206357132
39,BA,1,0.0625,0.015384615384615385,0.018097853220169744
39,MG,1,0.0625,0.015384615384615385,0.01913795972707605
39,NAO_INFORMADO,6,0.375,0.3384615384615385,0.6997420535862873
39,PI,1,0.0625,0.046153846153846156,0.028124479946746547
39,PR,1,0.0625,0.015384615384615385,0.02017806623398236
39,RJ,1,0.0625,0.03076923076923077,0.030787152604426694
39,RN,1,0.0625,0.046153846153846156,0.046763188550507574
39,SP,3,0.1875,0.47692307692307695,0.12115160592444667
40,BA,1,0.08333333333333333,0.43209876543209874,0.16148835465579456
40,NAO_INFORMADO,10,0.8333333333333334,0.38271604938271603,0.7771685646000281
40,RJ,1,0.08333333333333333,0.18518518518518517,0.061343080744177325
41,DF,1,0.125,0.3157894736842105,0.04161897825408386
41,NAO_INFORMADO,6,0.75,0.47368421052631576,0.8473623972531474
41,PR,1,0.125,0.21052631578947367,0.1110186244927687
42,DF,2,0.09523809523809523,0.05084745762711865,0.10033741786538804
42,NAO_INFORMADO,18,0.8571428571428571,0.4576271186440678,0.7822174865328835
42,RJ,1,0.047619047619047616,0.4915254237288136,0.11744509560172853
43,NAO_INFORMADO,5,0.5555555555555556,0.43283582089552236,0.6764448537877044
43,RJ,2,0.2222222222222222,0.13432835820895522,0.12972599585539948
43,RR,1,0.1111111111111111,0.05970149253731343,0.040755238314529124
43,RS,1,0.1111111111111111,0.373134328358209,0.15307391204236703
44,AP,1,0.05555555555555555,0.04225352112676056,0.048449940708114515
44,MA,1,0.05555555555555555,0.028169014084507043,0.015144841605963069
44,NAO_INFORMADO,11,0.6111111111111112,0.323943661971831,0.7350838556666102
44,PA,2,0.1111111111111111,0.49295774647887325,0.09246146027443673
44,RR,1,0.05555555555555555,0.028169014084507043,0.012637641877011689
44,SC,1,0.05555555555555555,0.014084507042253521,0.01937997628324581
44,SP,1,0.05555555555555555,0.07042253521126761,0.07684228358461799
45,BA,1,0.07692307692307693,0.003703703703703704,0.011518649858928896
45,MG,1,0.07692307692307693,0.001851851851851852,0.0006212305541894236
45,MS,1,0.07692307692307693,0.001851851851851852,0.00025884606424559313
45,NAO_INFORMADO,1,0.07692307692307693,0.43703703703703706,0.5471746952087594
45,PE,1,0.07692307692307693,0.009259259259259259,0.025418683508917246
45,RJ,1,0.07692307692307693,0.022222222222222223,0.0019413454818419486
45,RO,1,0.07692307692307693,0.046296296296296294,0.019413454818419485
45,RS,2,0.15384615384615385,0.05185185185185185,0.03258871948852018
45,SC,1,0.07692307692307693,0.06296296296296296,0.057593249294644475
45,SP,3,0.23076923076923078,0.362962962962963,0.3034711257215334
46,MG,1,0.125,0.5142857142857142,0.19228789126853377
46,NAO_INFORMADO,7,0.875,0.4857142857142857,0.8077121087314663
47,NAO_INFORMADO,5,0.5555555555555556,0.425,0.6347836655323287
47,RJ,2,0.2222222222222222,0.075,0.13065143412736996
47,RR,1,0.1111111111111111,0.025,0.03317938745746232
47,SP,1,0.1111111111111111,0.475,0.2013855128828391
48,DF,1,0.05555555555555555,0.010526315789473684,0.03958333333333333
48,MG,2,0.1111111111111111,0.031578947368421054,0.06492486338797815
48,NAO_INFORMADO,8,0.4444444444444444,0.25263157894736843,0.5306010928961749
48,PE,2,0.1111111111111111,0.5263157894736842,0.11448087431693989
48,RJ,2,0.1111111111111111,0.06315789473684211,0.13702185792349728
48,SP,2,0.1111111111111111,0.031578947368421054,0.07155054644808743
48,TO,1,0.05555555555555555,0.08421052631578947,0.04183743169398907
49,BA,1,0.125,0.041666666666666664,0.03299912391706415
49,NAO_INFORMADO,6,0.75,0.5,0.6636814951815438
49,SC,1,0.125,0.4583333333333333,0.303319380901392
50,MA,1,0.1111111111111111,0.0967741935483871,0.06260809408509166
50,NAO_INFORMADO,4,0.4444444444444444,0.3548387096774194,0.7149775164303009
50,PE,1,0.1111111111111111,0.03225806451612903,0.026288481494292634
50,PR,1,0.1111111111111111,0.06451612903225806,0.004669664475959875
50,RJ,1,0.1111111111111111,0.03225806451612903,0.061310965063991696
50,RS,1,0.1111111111111111,0.41935483870967744,0.1301452784503632
51,BA,1,0.04,0.5,0.23036165662064942
51,ES,1,0.04,0.03225806451612903,0.0009235854559595567
51,MG,1,0.04,0.03225806451612903,0.02945751506902586
51,NAO_INFORMADO,21,0.84,0.41935483870967744,0.7388197550068054
51,RS,1,0.04,0.016129032258064516,0.00043748784755979
52,NAO_INFORMADO,6,0.6666666666666666,0.45714285714285713,0.8216675588865097
52,PI,1,0.1111111111111111,0.4857142857142857,0.09796573875802998
52,PR,1,0.1111111111111111,0.02857142857142857,0.03586723768736617
52,RS,1,0.1111111111111111,0.02857142857142857,0.04449946466809422
53,DF,1,0.058823529411764705,0.3939393939393939,0.19636856368563685
53,MA,2,0.11764705882352941,0.12121212121212122,0.08233062330623306
53,MT,1,0.058823529411764705,0.045454545454545456,0.025636856368563686
53,NAO_INFORMADO,12,0.7058823529411765,0.42424242424242425,0.6791327913279133
53,SC,1,0.058823529411764705,0.015151515151515152,0.016531165311653117
54,DF,1,0.25,0.0625,0.04057416267942584
54,NAO_INFORMADO,2,0.5,0.4375,0.7425837320574162
54,RJ,1,0.25,0.5,0.2168421052631579
55,DF,1,0.05,0.023255813953488372,0.043860094421036604
55,NAO_INFORMADO,17,0.85,0.4418604651162791,0.826031778262856
55,SP,2,0.1,0.5348837209302325,0.1301081273161074
56,MS,1,0.125,0.3333333333333333,0.0861176977796939
56,NAO_INFORMADO,6,0.75,0.4444444444444444,0.7393295968958827
56,PR,1,0.125,0.2222222222222222,0.17455270532442338
57,NAO_INFORMADO,10,0.7142857142857143,0.425,0.8183188211654387
57,PA,1,0.07142857142857142,0.025,0.02355436481357446
57,RJ,2,0.14285714285714285,0.3,0.07150033489618218
57,SC,1,0.07142857142857142,0.25,0.08662647912480465
58,MS,2,0.15384615384615385,0.1282051282051282,0.06127736753465475
58,NAO_INFORMADO,7,0.5384615384615384,0.38461538461538464,0.6441248866433475
58,PA,1,0.07692307692307693,0.01282051282051282,0.0059593211555901025
58,RJ,1,0.07692307692307693,0.4230769230769231,0.2495141857753595
58,RR,1,0.07692307692307693,0.01282051282051282,0.006930949604871097
58,RS,1,0.07692307692307693,0.038461538461538464,0.032193289286176964
59,MG,1,0.14285714285714285,0.5217391304347826,0.24325275756864587
59,NAO_INFORMADO,6,0.8571428571428571,0.4782608695652174,0.7567472424313542
60,GO,1,0.14285714285714285,0.4716981132075472,0.15502445326197287
60,NAO_INFORMADO,6,0.8571428571428571,0.5283018867924528,0.8449755467380271
61,AM,1,0.1111111111111111,0.5,0.13503732187287945
61,BA,2,0.2222222222222222,0.07894736842105263,0.1458945939832617
61,NAO_INFORMADO,4,0.4444444444444444,0.3157894736842105,0.5588479227927317
61,SP,2,0.2222222222222222,0.10526315789473684,0.16022016135112718
62,NAO_INFORMADO,6,0.8571428571428571,0.5,0.8010215927559786
62,PI,1,0.14285714285714285,0.5,0.19897840724402135
63,CE,1,0.1111111111111111,0.5,0.11939856306940226
63,NAO_INFORMADO,8,0.8888888888888888,0.5,0.8806014369305978
64,NAO_INFORMADO,8,0.8888888888888888,0.5,0.5467311889173546
64,SC,1,0.1111111111111111,0.5,0.45326881108264544
65,NAO_INFORMADO,8,0.8888888888888888,0.42105263157894735,0.8042492389886314
65,SP,1,0.1111111111111111,0.5789473684210527,0.19575076101136857
66,NAO_INFORMADO,5,0.8333333333333334,0.5094339622641509,0.734563681932103
66,RJ,1,0.16666666666666666,0.49056603773584906,0.265436318067897
67,NAO_INFORMADO,5,0.8333333333333334,0.47619047619047616,0.6262508727018851
67,SP,1,0.16666666666666666,0.5238095238095238,0.373749127298115
68,GO,1,0.125,0.4489795918367347,0.1303093864708967
68,NAO_INFORMADO,7,0.875,0.5510204081632653,0.8696906135291033
69,BA,1,0.14285714285714285,0.5238095238095238,0.3140574072127011
69,NAO_INFORMADO,6,0.8571428571428571,0.47619047619047616,0.685942592787299
70,NAO_INFORMADO,5,0.7142857142857143,0.3333333333333333,0.7551525961157353
70,RJ,1,0.14285714285714285,0.23809523809523808,0.11632976615140705
70,SP,1,0.14285714285714285,0.42857142857142855,0.1285176377328577
71,MG,1,0.16666666666666666,0.5,0.3270245113248526
71,NAO_INFORMADO,5,0.8333333333333334,0.5,0.6729754886751473
72,DF,1,0.07692307692307693,0.007692307692307693,0.06971216181173827
72,MG,1,0.07692307692307693,0.43846153846153846,0.24678018843460972
72,NAO_INFORMADO,11,0.8461538461538461,0.5538461538461539,0.683507649753652
73,CE,1,0.1,0.3157894736842105,0.05
73,MG,1,0.1,0.21052631578947367,0.08074866310160428
73,NAO_INFORMADO,8,0.8,0.47368421052631576,0.8692513368983957
74,DF,1,0.07142857142857142,0.11764705882352941,0.09094517208141974
74,NAO_INFORMADO,9,0.6428571428571429,0.3235294117647059,0.7087940125871747
74,RS,1,0.07142857142857142,0.058823529411764705,0.06361626126892328
74,SE,1,0.07142857142857142,0.058823529411764705,0.0291432783353178
74,SP,1,0.07142857142857142,0.029411764705882353,0.01309746555536656
74,TO,1,0.07142857142857142,0.4117647058823529,0.09440381017179793
75,DF,1,0.06666666666666667,0.5111111111111111,0.1597067490835909
75,NAO_INFORMADO,14,0.9333333333333333,0.4888888888888889,0.8402932509164092
76,DF,1,0.07142857142857142,0.52,0.16514504888984927
76,NAO_INFORMADO,13,0.9285714285714286,0.48,0.8348549511101507
77,GO,1,0.25,0.5384615384615384,0.25009149688910576
77,NAO_INFORMADO,3,0.75,0.46153846153846156,0.7499085031108942
78,NAO_INFORMADO,4,0.6666666666666666,0.3584905660377358,0.8137780125254659
78,PR,2,0.3333333333333333,0.6415094339622641,0.18622198747453406
79,AM,1,0.047619047619047616,0.015873015873015872,0.017662312246195997
79,ES,1,0.047619047619047616,0.5079365079365079,0.07803708596310974
79,NAO_INFORMADO,17,0.8095238095238095,0.42857142857142855,0.7258182885659769
79,RJ,1,0.047619047619047616,0.031746031746031744,0.12285336856010567
79,TO,1,0.047619047619047616,0.015873015873015872,0.055628944664611775
80,MG,1,0.0625,0.07692307692307693,0.06875408763897972
80,NAO_INFORMADO,13,0.8125,0.358974358974359,0.7111674296926096
80,PE,1,0.0625,0.5384615384615384,0.17724002616088946
80,SP,1,0.0625,0.02564102564102564,0.04283845650752126
81,NAO_INFORMADO,6,0.8571428571428571,0.6666666666666666,0.8869163061315829
81,SE,1,0.14285714285714285,0.3333333333333333,0.11308369386841713
82,DF,1,0.09090909090909091,0.5238095238095238,0.30980392156862746
82,NAO_INFORMADO,9,0.8181818181818182,0.4523809523809524,0.6819266837169651
82,RJ,1,0.09090909090909091,0.023809523809523808,0.008269394714407503
83,NAO_INFORMADO,11,0.8461538461538461,0.42857142857142855,0.7862189410177026
83,SP,2,0.15384615384615385,0.5714285714285714,0.21378105898229738
84,DF,1,0.08333333333333333,0.5128205128205128,0.24467783139369856
84,NAO_INFORMADO,11,0.9166666666666666,0.48717948717948717,0.7553221686063014
85,DF,1,0.14285714285714285,0.5,0.20802534318901794
85,NAO_INFORMADO,6,0.8571428571428571,0.5,0.791974656810982
86,BA,1,0.08333333333333333,0.012048192771084338,0.04667933537981776
86,ES,1,0.08333333333333333,0.5060240963855421,0.29615553281683965
86,NAO_INFORMADO,8,0.6666666666666666,0.40963855421686746,0.6159918140622715
86,RJ,1,0.08333333333333333,0.060240963855421686,0.022072796374799006
86,RR,1,0.08333333333333333,0.012048192771084338,0.019100521366271987
87,AP,1,0.030303030303030304,0.41875,0.09042688188416832
87,DF,1,0.030303030303030304,0.00625,0.01543068879752297
87,GO,2,0.06060606060606061,0.01875,0.054870311151718185
87,MT,1,0.030303030303030304,0.025,0.015862138977716867
87,NAO_INFORMADO,24,0.7272727272727273,0.44375,0.7542002944012994
87,PA,1,0.030303030303030304,0.05625,0.019821328866554997
87,PE,2,0.06060606060606061,0.025,0.03553119131008578
87,RS,1,0.030303030303030304,0.00625,0.013857164610933455
88,NAO_INFORMADO,5,0.8333333333333334,0.4838709677419355,0.8543162318333042
88,SC,1,0.16666666666666666,0.5161290322580645,0.14568376816669584
89,DF,1,0.14285714285714285,0.034482758620689655,0.14512471655328799
89,NAO_INFORMADO,5,0.7142857142857143,0.4482758620689655,0.6681783824640968
89,PI,1,0.14285714285714285,0.5172413793103449,0.18669690098261527
90,NAO_INFORMADO,6,0.8571428571428571,0.4936708860759494,0.8285291943828529
90,SP,1,0.14285714285714285,0.5063291139240507,0.1714708056171471
91,CE,2,0.125,0.49473684210526314,0.2716344028993194
91,NAO_INFORMADO,12,0.75,0.4631578947368421,0.6626447449836471
91,PE,1,0.0625,0.010526315789473684,0.028993193670997966
91,RN,1,0.0625,0.031578947368421054,0.03672765844603553
92,ES,1,0.14285714285714285,0.3333333333333333,0.0626924153372516
92,NAO_INFORMADO,5,0.7142857142857143,0.4666666666666667,0.8975650713685979
92,SC,1,0.14285714285714285,0.2,0.03974251329415057
93,GO,1,0.2,0.5217391304347826,0.15823454699407283
93,NAO_INFORMADO,4,0.8,0.4782608695652174,0.8417654530059272
94,DF,1,0.0625,0.48333333333333334,0.2343267632391356
94,MT,1,0.0625,0.08333333333333333,0.07996912847304678
94,NAO_INFORMADO,14,0.875,0.43333333333333335,0.6857041082878176
95,MG,1,0.14285714285714285,0.5185185185185185,0.23307570537293976
95,NAO_INFORMADO,6,0.8571428571428571,0.48148148148148145,0.7669242946270602
96,DF,1,0.125,0.019230769230769232,0.061131286453174866
96,MG,1,0.125,0.07692307692307693,0.09464069549906459
96,MS,1,0.125,0.46153846153846156,0.13513810938703644
96,NAO_INFORMADO,4,0.5,0.36538461538461536,0.6530207989435457
96,PI,1,0.125,0.07692307692307693,0.056069109717178385
97,NAO_INFORMADO,6,0.8571428571428571,0.42105263157894735,0.8167105758374106
97,SP,1,0.14285714285714285,0.5789473684210527,0.1832894241625894
98,DF,1,0.08333333333333333,0.5106382978723404,0.18356069763426006
98,NAO_INFORMADO,11,0.9166666666666666,0.48936170212765956,0.8164393023657399
99,ES,1,0.045454545454545456,0.11392405063291139,0.05906017290079603
99,MG,1,0.045454545454545456,0.16455696202531644,0.0630403149875888
99,MT,1,0.045454545454545456,0.11392405063291139,0.05058632200633399
99,NAO_INFORMADO,14,0.6363636363636364,0.26582278481012656,0.7032440297868698
99,PA,1,0.045454545454545456,0.012658227848101266,0.04720534109389712
99,RJ,1,0.045454545454545456,0.26582278481012656,0.056192758709235645
99,RS,2,0.09090909090909091,0.0379746835443038,0.0035949670461354103
99,SE,1,0.045454545454545456,0.02531645569620253,0.0170760934691432
100,GO,1,0.0625,0.49382716049382713,0.17362010883648613
100,MA,1,0.0625,0.012345679012345678,0.00212490282456595
100,MT,1,0.0625,0.012345679012345678,0.015237108059082663
100,NAO_INFORMADO,12,0.75,0.4691358024691358,0.758590308370044
100,RS,1,0.0625,0.012345679012345678,0.050427571909821195
101,GO,1,0.06666666666666667,0.4864864864864865,0.18918397530705422
101,NAO_INFORMADO,12,0.8,0.4594594594594595,0.729727991769018
101,RJ,2,0.13333333333333333,0.05405405405405406,0.08108803292392772
102,CE,1,0.14285714285714285,0.18181818181818182,0.0936431989063568
102,NAO_INFORMADO,4,0.5714285714285714,0.38636363636363635,0.6447938026885396
102,SC,1,0.14285714285714285,0.045454545454545456,0.03448013974329764
102,SP,1,0.14285714285714285,0.38636363636363635,0.22708285866180603
103,AL,2,0.07142857142857142,0.011111111111111112,0.03065198415362922
103,BA,1,0.03571428571428571,0.005555555555555556,0.011213321694755926
103,DF,1,0.03571428571428571,0.4444444444444444,0.06284831800174578
103,ES,2,0.07142857142857142,0.011111111111111112,0.03394212045927617
103,GO,2,0.07142857142857142,0.016666666666666666,0.06036392936278789
103,MA,1,0.03571428571428571,0.016666666666666666,0.0439803934734439
103,MG,1,0.03571428571428571,0.005555555555555556,0.012891962667024777
103,MS,2,0.07142857142857142,0.016666666666666666,0.02944336265359565
103,NAO_INFORMADO,1,0.03571428571428571,0.17222222222222222,0.43167931242865776
103,PA,1,0.03571428571428571,0.027777777777777776,0.009064661250251797
103,PE,1,0.03571428571428571,0.005555555555555556,0.0128583898475794
103,PI,1,0.03571428571428571,0.016666666666666666,0.01658497280601625
103,PR,1,0.03571428571428571,0.005555555555555556,0.00903108843080642
103,RJ,4,0.14285714285714285,0.06111111111111111,0.0734909017659303
103,RN,2,0.07142857142857142,0.03333333333333333,0.0637212113073256
103,RR,1,0.03571428571428571,0.011111111111111112,0.014302021083730613
103,RS,2,0.07142857142857142,0.07777777777777778,0.04250318941784731
103,SP,2,0.07142857142857142,0.06111111111111111,0.04142885919559525
104,CE,1,0.05,0.015873015873015872,0.0226720012551973
104,MG,1,0.05,0.031746031746031744,0.018945634266886325
104,MS,1,0.05,0.031746031746031744,0.022083627520200832
104,NAO_INFORMADO,14,0.7,0.3968253968253968,0.7031066133207814
104,RJ,2,0.1,0.49206349206349204,0.20514630893543578
104,SP,1,0.05,0.031746031746031744,0.028045814701498393
105,GO,1,0.125,0.5,0.18112889637742208
105,MG,1,0.125,0.029411764705882353,0.009079846485069737
105,NAO_INFORMADO,6,0.75,0.47058823529411764,0.8097912571375082
106,NAO_INFORMADO,4,0.5714285714285714,0.40816326530612246,0.7200462230872157
106,RS,2,0.2857142857142857,0.14285714285714285,0.13763532416980903
106,SC,1,0.14285714285714285,0.4489795918367347,0.1423184527429753
107,BA,1,0.09090909090909091,0.03571428571428571,0.027916513327375006
107,ES,1,0.09090909090909091,0.5,0.195573313705904
107,NAO_INFORMADO,9,0.8181818181818182,0.4642857142857143,0.776510172966721
108,GO,1,0.047619047619047616,0.09375,0.045127696503843295
108,NAO_INFORMADO,15,0.7142857142857143,0.375,0.7163401934044136
108,PR,1,0.047619047619047616,0.015625,0.036102157203074636
108,RN,1,0.047619047619047616,0.09375,0.03967270022315894
108,RS,2,0.09523809523809523,0.3125,0.10790974460699232
108,SC,1,0.047619047619047616,0.109375,0.054847508058517236
109,AM,1,0.05,0.0136986301369863,0.02017195767195767
109,BA,2,0.1,0.3013698630136986,0.07216343327454439
109,ES,1,0.05,0.0136986301369863,0.01679159318048207
109,MG,2,0.1,0.0547945205479452,0.02671222810111699
109,NAO_INFORMADO,10,0.5,0.5068493150684932,0.7699882422104645
109,PA,1,0.05,0.0136986301369863,0.02296443268665491
109,PE,1,0.05,0.0273972602739726,0.03619194591416813
109,PR,1,0.05,0.0410958904109589,0.0179673721340388
109,TO,1,0.05,0.0273972602739726,0.017048794826572605
110,NAO_INFORMADO,7,0.7,0.625,0.7430060816681147
110,PB,1,0.1,0.3333333333333333,0.11459600347523892
110,RJ,1,0.1,0.020833333333333332,0.0737619461337967
110,RS,1,0.1,0.020833333333333332,0.0686359687228497
111,MG,1,0.07692307692307693,0.07692307692307693,0.07422758100979654
111,MT,1,0.07692307692307693,0.38461538461538464,0.16872645064054256
111,NAO_INFORMADO,11,0.8461538461538461,0.5384615384615384,0.7570459683496609
112,CE,1,0.034482758620689655,0.007142857142857143,0.010604069424933159
112,GO,2,0.06896551724137931,0.09285714285714286,0.05433452666878144
112,NAO_INFORMADO,24,0.8275862068965517,0.37142857142857144,0.6178003353423664
112,RJ,1,0.034482758620689655,0.5142857142857142,0.26034349934291023
112,SP,1,0.034482758620689655,0.014285714285714285,0.05691756922100875
113,BA,1,0.16666666666666666,0.06666666666666667,0.06727335560419306
113,ES,1,0.16666666666666666,0.4666666666666667,0.2550397419652114
113,NAO_INFORMADO,2,0.3333333333333333,0.3333333333333333,0.6257343624006451
113,RJ,1,0.16666666666666666,0.06666666666666667,0.035594977537150095
113,SC,1,0.16666666666666666,0.06666666666666667,0.01635756249280037
114,BA,1,0.08333333333333333,0.05,0.13994010345766403
114,GO,1,0.08333333333333333,0.5,0.17036482439422815
114,NAO_INFORMADO,10,0.8333333333333334,0.45,0.6896950721481078
115,AP,1,0.06666666666666667,0.015873015873015872,0.0165628838903715
115,BA,1,0.06666666666666667,0.031746031746031744,0.05028169610708688
115,ES,1,0.06666666666666667,0.031746031746031744,0.030923031304274155
115,MG,1,0.06666666666666667,0.015873015873015872,0.024865505993984835
115,NAO_INFORMADO,6,0.4,0.31746031746031744,0.6601008175541153
115,RJ,2,0.13333333333333333,0.5079365079365079,0.11653323166857288
115,RS,2,0.13333333333333333,0.031746031746031744,0.05553437539712797
115,SC,1,0.06666666666666667,0.047619047619047616,0.04519845808446647
116,AL,1,0.0625,0.0425531914893617,0.021993759909979028
116,BA,1,0.0625,0.06382978723404255,0.022505242698583193
116,ES,1,0.0625,0.0425531914893617,0.06357731062349752
116,NAO_INFORMADO,1,0.0625,0.06382978723404255,0.4812541557976574
116,PE,1,0.0625,0.02127659574468085,0.008286021175387449
116,PI,1,0.0625,0.02127659574468085,0.015753669889008236
116,RJ,3,0.1875,0.0851063829787234,0.09835814024858064
116,RN,1,0.0625,0.02127659574468085,0.03421819855761853
116,SE,1,0.0625,0.02127659574468085,0.022812132371745692
116,SP,5,0.3125,0.6170212765957447,0.2312413687279423
117,AL,2,0.2,0.5071225071225072,0.3835014439375549
117,NAO_INFORMADO,7,0.7,0.49002849002849,0.5866571799271754
117,PR,1,0.1,0.002849002849002849,0.029841376135269743
118,BA,1,0.09090909090909091,0.2641509433962264,0.11942397856664434
118,ES,1,0.09090909090909091,0.03773584905660377,0.08948425987943738
118,MG,2,0.18181818181818182,0.03773584905660377,0.10622906898861353
118,NAO_INFORMADO,2,0.18181818181818182,0.33962264150943394,0.40817146684527794
118,RJ,1,0.09090909090909091,0.03773584905660377,0.05304755525787006
118,SC,2,0.18181818181818182,0.07547169811320754,0.09933020763563295
118,SP,2,0.18181818181818182,0.20754716981132076,0.12431346282652378
119,DF,1,0.125,0.41935483870967744,0.1631666865529173
119,NAO_INFORMADO,7,0.875,0.5806451612903226,0.8368333134470827
120,NAO_INFORMADO,8,0.8888888888888888,0.5185185185185185,0.9085532038271963
120,RS,1,0.1111111111111111,0.48148148148148145,0.09144679617280371
121,MG,1,0.14285714285714285,0.5263157894736842,0.18059512503956948
121,NAO_INFORMADO,6,0.8571428571428571,0.47368421052631576,0.8194048749604305
122,BA,1,0.07142857142857142,0.016129032258064516,0.03366858237547893
122,DF,1,0.07142857142857142,0.04838709677419355,0.03050766283524904
122,MG,1,0.07142857142857142,0.016129032258064516,0.049281609195402296
122,MS,1,0.07142857142857142,0.016129032258064516,0.020545977011494253
122,NAO_INFORMADO,3,0.21428571428571427,0.3548387096774194,0.5152777777777777
122,PR,3,0.21428571428571427,0.3709677419354839,0.1650383141762452
122,RR,1,0.07142857142857142,0.016129032258064516,0.0210727969348659
122,RS,2,0.14285714285714285,0.12903225806451613,0.12203065134099617
122,SC,1,0.07142857142857142,0.03225806451612903,0.042576628352490424
123,BA,1,0.07142857142857142,0.1276595744680851,0.1540212951181946
123,MG,1,0.07142857142857142,0.0425531914893617,0.0016071787316681175
123,MS,1,0.07142857142857142,0.02127659574468085,0.021763878658005758
123,NAO_INFORMADO,10,0.7142857142857143,0.40425531914893614,0.7155963302752294
123,SC,1,0.07142857142857142,0.40425531914893614,0.10701131721690216
124,GO,1,0.16666666666666666,0.29508196721311475,0.09571992310027319
124,MT,1,0.16666666666666666,0.319672131147541,0.19751087726398867
124,NAO_INFORMADO,2,0.3333333333333333,0.22950819672131148,0.46028533845998176
124,PA,1,0.16666666666666666,0.03278688524590164,0.08964889203683092
124,RS,1,0.16666666666666666,0.12295081967213115,0.15683496913892542
125,CE,1,0.16666666666666666,0.5294117647058824,0.24436132834636745
125,NAO_INFORMADO,5,0.8333333333333334,0.47058823529411764,0.7556386716536325
126,NAO_INFORMADO,16,0.8421052631578947,0.4827586206896552,0.7903405572755418
126,RJ,2,0.10526315789473684,0.4482758620689655,0.18346749226006193
126,SC,1,0.05263157894736842,0.06896551724137931,0.026191950464396284
127,CE,1,0.07142857142857142,0.18032786885245902,0.10564791887749087
127,DF,2,0.14285714285714285,0.08196721311475409,0.13388751326494516
127,NAO_INFORMADO,10,0.7142857142857143,0.4918032786885246,0.7020988091027002
127,PB,1,0.07142857142857142,0.2459016393442623,0.058365758754863814
128,CE,1,0.125,0.029411764705882353,0.09165317503148049
128,NAO_INFORMADO,5,0.625,0.35294117647058826,0.5969598848713797
128,SC,1,0.125,0.5294117647058824,0.13374707681237633
128,SP,1,0.125,0.08823529411764706,0.17763986328476344
129,AP,1,0.045454545454545456,0.02,0.002392961013142878
129,BA,1,0.045454545454545456,0.01,0.05120936568125759
129,DF,1,0.045454545454545456,0.42,0.18992747487390937
129,ES,1,0.045454545454545456,0.055,0.03571034127305526
129,MG,3,0.13636363636363635,0.025,0.01826013326952104
129,MS,1,0.045454545454545456,0.02,0.0010676287597098995
129,NAO_INFORMADO,1,0.045454545454545456,0.185,0.30151308765600265
129,PR,2,0.09090909090909091,0.03,0.035820785627508005
129,RJ,4,0.18181818181818182,0.03,0.11026028052866031
129,RS,3,0.13636363636363635,0.055,0.05139343960534551
129,SP,4,0.18181818181818182,0.15,0.2024445017118875
130,BA,1,0.05263157894736842,0.046875,0.049694047839792324
130,DF,1,0.05263157894736842,0.015625,0.008195809382532913
130,NAO_INFORMADO,13,0.6842105263157895,0.3125,0.6066382347487483
130,PB,1,0.05263157894736842,0.046875,0.03916187650658261
130,RJ,3,0.15789473684210525,0.578125,0.29631003152234375
131,BA,3,0.3333333333333333,0.5813953488372093,0.41903611032129656
131,MA,1,0.1111111111111111,0.023255813953488372,0.032840489053170316
131,NAO_INFORMADO,5,0.5555555555555556,0.3953488372093023,0.5481234006255331
132,NAO_INFORMADO,5,0.7142857142857143,0.4642857142857143,0.8516875297100301
132,PI,1,0.14285714285714285,0.5,0.12002852162890192
132,SP,1,0.14285714285714285,0.03571428571428571,0.028283948661067978
133,BA,1,0.07692307692307693,0.07692307692307693,0.09000394321766561
133,MG,2,0.15384615384615385,0.49230769230769234,0.17823343848580442
133,RJ,6,0.46153846153846156,0.2,0.48541009463722395
133,SP,4,0.3076923076923077,0.23076923076923078,0.246352523659306
134,CE,1,0.16666666666666666,0.5238095238095238,0.10189846109592982
134,NAO_INFORMADO,5,0.8333333333333334,0.47619047619047616,0.8981015389040702
135,AP,1,0.1,0.037037037037037035,0.02172187342137548
135,DF,1,0.1,0.037037037037037035,0.11373313126939454
135,NAO_INFORMADO,7,0.7,0.4074074074074074,0.656563469726492
135,SP,1,0.1,0.5185185185185185,0.20798152558273797
136,MG,1,0.1,0.4782608695652174,0.388157243291415
136,NAO_INFORMADO,9,0.9,0.5217391304347826,0.611842756708585
137,DF,2,0.25,0.14285714285714285,0.10468046804680468
137,GO,1,0.125,0.5357142857142857,0.09675967596759676
137,NAO_INFORMADO,3,0.375,0.25,0.7433843384338434
137,RN,1,0.125,0.03571428571428571,0.03717371737173717
137,SC,1,0.125,0.03571428571428571,0.018001800180018002
138,NAO_INFORMADO,2,0.6666666666666666,0.5238095238095238,0.6202101859337106
138,RJ,1,0.3333333333333333,0.47619047619047616,0.3797898140662894
139,MG,1,0.1,0.16,0.1250219799542817
139,NAO_INFORMADO,8,0.8,0.44,0.768595041322314
139,RR,1,0.1,0.4,0.10638297872340426
140,BA,1,0.3333333333333333,0.14285714285714285,0.1638001638001638
140,NAO_INFORMADO,1,0.3333333333333333,0.2857142857142857,0.7593307593307593
140,PE,1,0.3333333333333333,0.5714285714285714,0.07686907686907687
141,NAO_INFORMADO,9,0.8181818181818182,0.45454545454545453,0.8184332260659695
141,RJ,1,0.09090909090909091,0.4090909090909091,0.08110418342719228
141,SP,1,0.09090909090909091,0.13636363636363635,0.1004625905068383
142,DF,1,0.1,0.509090909090909,0.15409714497589916
142,NAO_INFORMADO,9,0.9,0.4909090909090909,0.8459028550241009
143,MT,1,0.07692307692307693,0.39285714285714285,0.15546376267367631
143,NAO_INFORMADO,11,0.8461538461538461,0.44642857142857145,0.7146545249718362
143,SP,1,0.07692307692307693,0.16071428571428573,0.12988171235448742
144,AM,1,0.038461538461538464,0.009615384615384616,0.014035087719298246
144,AP,1,0.038461538461538464,0.009615384615384616,0.010564454614797865
144,BA,3,0.11538461538461539,0.028846153846153848,0.03787185354691076
144,CE,1,0.038461538461538464,0.009615384615384616,0.00015255530129672007
144,GO,1,0.038461538461538464,0.009615384615384616,0.018916857360793286
144,MG,1,0.038461538461538464,0.009615384615384616,0.04042715484363082
144,MT,1,0.038461538461538464,0.057692307692307696,0.05755148741418764
144,NAO_INFORMADO,1,0.038461538461538464,0.14423076923076922,0.44839816933638443
144,PA,1,0.038461538461538464,0.019230769230769232,0.013386727688787185
144,PE,1,0.038461538461538464,0.009615384615384616,0.012204424103737605
144,RJ,3,0.11538461538461539,0.0673076923076923,0.0698703279938978
144,RR,1,0.038461538461538464,0.028846153846153848,0.03333333333333333
144,RS,1,0.038461538461538464,0.019230769230769232,0.02909992372234935
144,SC,1,0.038461538461538464,0.04807692307692308,0.011022120518688025
144,SE,1,0.038461538461538464,0.009615384615384616,0.010717009916094583
144,SP,6,0.23076923076923078,0.5096153846153846,0.1879862700228833
144,TO,1,0.038461538461538464,0.009615384615384616,0.004462242562929062
145,AP,1,0.043478260869565216,0.014367816091954023,0.0025942775500996354
145,BA,2,0.08695652173913043,0.005747126436781609,0.0002631875775463398
145,CE,1,0.043478260869565216,0.0028735632183908046,0.006880475241568598
145,DF,1,0.043478260869565216,0.4166666666666667,0.12433733127796368
145,ES,1,0.043478260869565216,0.005747126436781609,0.056246945144189195
145,MA,2,0.08695652173913043,0.10919540229885058,0.09564988532541265
145,MG,2,0.08695652173913043,0.028735632183908046,0.0839568372372824
145,NAO_INFORMADO,1,0.043478260869565216,0.19540229885057472,0.3656803398879573
145,PA,2,0.08695652173913043,0.07471264367816093,0.05989397300447419
145,PB,2,0.08695652173913043,0.028735632183908046,0.0016167236906418018
145,RJ,2,0.08695652173913043,0.011494252873563218,0.022897319246531565
145,RS,1,0.043478260869565216,0.005747126436781609,0.024514042937173366
145,SC,1,0.043478260869565216,0.005747126436781609,0.0005263751550926796
145,SP,4,0.17391304347826086,0.09482758620689655,0.15494228672406662
146,MG,1,0.06666666666666667,0.5,0.1736089455161046
146,NAO_INFORMADO,12,0.8,0.37037037037037035,0.7101617142602575
146,RJ,1,0.06666666666666667,0.037037037037037035,0.02659598164565421
146,RS,1,0.06666666666666667,0.09259259259259259,0.0896333585779837
147,DF,1,0.0625,0.025,0.05447103274559194
147,NAO_INFORMADO,14,0.875,0.475,0.6369122586062133
147,RS,1,0.0625,0.5,0.3086167086481948
148,GO,1,0.1,0.09090909090909091,0.10962424672102092
148,MS,1,0.1,0.4727272727272727,0.27481389578163773
148,NAO_INFORMADO,8,0.8,0.43636363636363634,0.6155618574973414
149,NAO_INFORMADO,9,0.9,0.5128205128205128,0.9183317907116023
149,RS,1,0.1,0.48717948717948717,0.08166820928839767
150,NAO_INFORMADO,5,0.8333333333333334,0.5,0.7912533184295095
150,PR,1,0.16666666666666666,0.5,0.20874668157049042
151,DF,1,0.08333333333333333,0.018867924528301886,0.11219946571682991
151,NAO_INFORMADO,10,0.8333333333333334,0.4716981132075472,0.7880676758682101
151,PB,1,0.08333333333333333,0.5094339622641509,0.09973285841495994
152,BA,1,0.1111111111111111,0.027777777777777776,0.02362964153673043
152,DF,1,0.1111111111111111,0.027777777777777776,0.11155762739109468
152,MA,1,0.1111111111111111,0.4444444444444444,0.12714997588812088
152,NAO_INFORMADO,6,0.6666666666666666,0.5,0.737662755184054
153,NAO_INFORMADO,22,0.5789473684210527,0.34594594594594597,0.6229884529739905
153,PR,2,0.05263157894736842,0.04864864864864865,0.025711071830306926
153,RS,13,0.34210526315789475,0.5945945945945946,0.3492573632377585
153,TO,1,0.02631578947368421,0.010810810810810811,0.0020431119579440325
154,GO,1,0.07692307692307693,0.5172413793103449,0.18255171402024548
154,NAO_INFORMADO,12,0.9230769230769231,0.4827586206896552,0.8174482859797545
155,GO,1,0.09090909090909091,0.06451612903225806,0.06989798998008089
155,NAO_INFORMADO,8,0.7272727272727273,0.45161290322580644,0.7097845113780407
155,PR,2,0.18181818181818182,0.4838709677419355,0.22031749864187844
156,NAO_INFORMADO,8,0.8888888888888888,0.4827586206896552,0.7628842845388586
156,SC,1,0.1111111111111111,0.5172413793103449,0.23711571546114144
157,AL,1,0.1,0.1346153846153846,0.08419974391805378
157,MT,1,0.1,0.2692307692307692,0.0334955185659411
157,NAO_INFORMADO,7,0.7,0.4423076923076923,0.7994366197183098
157,SP,1,0.1,0.15384615384615385,0.08286811779769526
158,NAO_INFORMADO,8,0.8888888888888888,0.4642857142857143,0.837057078024088
158,PA,1,0.1111111111111111,0.5357142857142857,0.16294292197591204
159,AC,1,0.06666666666666667,0.07142857142857142,0.09333735000251042
159,GO,1,0.06666666666666667,0.017857142857142856,0.019531053873575337
159,MG,1,0.06666666666666667,0.5,0.21579555153888638
159,MS,1,0.06666666666666667,0.017857142857142856,0.016317718531907416
159,NAO_INFORMADO,10,0.6666666666666666,0.35714285714285715,0.6246924737661295
159,RO,1,0.06666666666666667,0.03571428571428571,0.03032585228699101
160,NAO_INFORMADO,11,0.9166666666666666,0.46774193548387094,0.8255827505827505
160,RJ,1,0.08333333333333333,0.532258064516129,0.17441724941724943
161,BA,1,0.07692307692307693,0.34545454545454546,0.15715960148466498
161,NAO_INFORMADO,8,0.6153846153846154,0.32727272727272727,0.7261183824965813
161,PE,1,0.07692307692307693,0.01818181818181818,0.016116428990037117
161,RJ,1,0.07692307692307693,0.2545454545454545,0.03980269583903106
161,RO,1,0.07692307692307693,0.01818181818181818,0.028570033209611254
161,RR,1,0.07692307692307693,0.03636363636363636,0.032232857980074234
162,NAO_INFORMADO,7,0.7777777777777778,0.47368421052631576,0.8783077425677883
162,PA,1,0.1111111111111111,0.05263157894736842,0.02466514211042143
162,PE,1,0.1111111111111111,0.47368421052631576,0.09702711532179026
163,NAO_INFORMADO,7,0.875,0.4864864864864865,0.8781011450381679
163,RS,1,0.125,0.5135135135135135,0.12189885496183206
164,NAO_INFORMADO,7,0.875,0.494949494949495,0.7838450157203625
164,RJ,1,0.125,0.5050505050505051,0.2161549842796375
165,CE,1,0.07692307692307693,0.1,0.1294137172731422
165,GO,2,0.15384615384615385,0.35714285714285715,0.19165179868055268
165,NAO_INFORMADO,9,0.6923076923076923,0.4857142857142857,0.6644122650512427
165,RJ,1,0.07692307692307693,0.05714285714285714,0.014522218995062446
166,NAO_INFORMADO,8,0.7272727272727273,0.47674418604651164,0.7226111862518896
166,PA,1,0.09090909090909091,0.011627906976744186,0.015713262789402497
166,RJ,2,0.18181818181818182,0.5116279069767442,0.2616755509587079
167,AL,1,0.05263157894736842,0.02564102564102564,0.08258539420158843
167,NAO_INFORMADO,16,0.8421052631578947,0.41025641025641024,0.7250597275133983
167,PR,1,0.05263157894736842,0.05128205128205128,0.03803189772066895
167,RJ,1,0.05263157894736842,0.5128205128205128,0.1543229805643443
168,AL,1,0.1,0.034482758620689655,0.012580336387255572
168,BA,1,0.1,0.5172413793103449,0.26569123478736495
168,NAO_INFORMADO,8,0.8,0.4482758620689655,0.7217284288253795
169,DF,1,0.0625,0.06666666666666667,0.020914953890663612
169,MG,3,0.1875,0.5333333333333333,0.33686938701705743
169,NAO_INFORMADO,10,0.625,0.3333333333333333,0.5637996504128745
169,PE,1,0.0625,0.03333333333333333,0.01729853535049123
169,RN,1,0.0625,0.03333333333333333,0.06111747332891326
170,DF,1,0.047619047619047616,0.49206349206349204,0.17102645713148995
170,NAO_INFORMADO,19,0.9047619047619048,0.49206349206349204,0.8079868708971554
170,PR,1,0.047619047619047616,0.015873015873015872,0.020986671971354686
171,AP,1,0.03333333333333333,0.021052631578947368,0.02436424546977311
171,BA,2,0.06666666666666667,0.056140350877192984,0.03246535708847267
171,CE,1,0.03333333333333333,0.02456140350877193,0.04321608040201005
171,GO,2,0.06666666666666667,0.021052631578947368,0.05076899649763971
171,MG,4,0.13333333333333333,0.08070175438596491,0.08296025582457743
171,MS,1,0.03333333333333333,0.014035087719298246,0.02984620070047206
171,MT,1,0.03333333333333333,0.07719298245614035,0.019247753921120755
171,NAO_INFORMADO,2,0.06666666666666667,0.042105263157894736,0.3139333028780265
171,PA,1,0.03333333333333333,0.04912280701754386,0.00362418151362875
171,PE,1,0.03333333333333333,0.031578947368421054,0.015044921577584894
171,PR,1,0.03333333333333333,0.0035087719298245615,0.01474036850921273
171,RJ,4,0.13333333333333333,0.12982456140350876,0.0775087559007157
171,RO,1,0.03333333333333333,0.010526315789473684,0.015562661793817573
171,RS,5,0.16666666666666666,0.11929824561403508,0.13558702603928735
171,SC,1,0.03333333333333333,0.0035087719298245615,0.032952641997868126
171,SP,1,0.03333333333333333,0.021052631578947368,0.0328917313841937
171,TO,1,0.03333333333333333,0.29473684210526313,0.0752855185015989
172,NAO_INFORMADO,14,0.875,0.4782608695652174,0.8113795791114575
172,PB,1,0.0625,0.13043478260869565,0.020821734773410535
172,RS,1,0.0625,0.391304347826087,0.16779868611513193
173,MG,1,0.1111111111111111,0.25,0.046937519236688215
173,NAO_INFORMADO,7,0.7777777777777778,0.4375,0.7870883348722684
173,PR,1,0.1111111111111111,0.3125,0.1659741458910434
174,ES,1,0.16666666666666666,0.35135135135135137,0.17181527664640642
174,NAO_INFORMADO,4,0.6666666666666666,0.4594594594594595,0.7282411178645278
174,RO,1,0.16666666666666666,0.1891891891891892,0.09994360548906574
175,MG,1,0.2,0.42424242424242425,0.16529274994715704
175,NAO_INFORMADO,3,0.6,0.48484848484848486,0.8013105051786091
175,RJ,1,0.2,0.09090909090909091,0.033396744874233775
176,MG,1,0.1111111111111111,0.06896551724137931,0.03633249740045263
176,NAO_INFORMADO,7,0.7777777777777778,0.41379310344827586,0.7784573980059942
176,SP,1,0.1111111111111111,0.5172413793103449,0.1852101045935531
177,MT,1,0.05263157894736842,0.009900990099009901,0.013275744487383495
177,NAO_INFORMADO,16,0.8421052631578947,0.42574257425742573,0.6587406228688338
177,SC,1,0.05263157894736842,0.22772277227722773,0.12862014094112298
177,SP,1,0.05263157894736842,0.33663366336633666,0.19936349170265968
178,DF,1,0.05,0.018518518518518517,0.02515839330749831
178,NAO_INFORMADO,17,0.85,0.46296296296296297,0.829550347542597
178,PB,1,0.05,0.3333333333333333,0.033708556314203116
178,RJ,1,0.05,0.18518518518518517,0.11158270283570154
179,NAO_INFORMADO,6,0.8571428571428571,0.4827586206896552,0.8344929956396697
179,RS,1,0.14285714285714285,0.5172413793103449,0.16550700436033028
180,BA,1,0.07692307692307693,0.4186046511627907,0.03926594815030585
180,NAO_INFORMADO,7,0.5384615384615384,0.3488372093023256,0.7333527526944363
180,PA,1,0.07692307692307693,0.023255813953488372,0.046082143897465774
180,RJ,1,0.07692307692307693,0.023255813953488372,0.035945237401689485
180,RS,1,0.07692307692307693,0.023255813953488372,0.05313137197786193
180,SP,2,0.15384615384615385,0.16279069767441862,0.09222254587824061
181,GO,1,0.14285714285714285,0.5,0.13275153142569437
181,NAO_INFORMADO,6,0.8571428571428571,0.5,0.8672484685743056
182,AC,1,0.058823529411764705,0.00980392156862745,0.001748707072962012
182,AL,1,0.058823529411764705,0.00980392156862745,0.013989656583696096
182,BA,1,0.058823529411764705,0.49019607843137253,0.12560925698552666
182,MA,1,0.058823529411764705,0.029411764705882353,0.04438739442646129
182,MT,1,0.058823529411764705,0.00980392156862745,0.020426386873534992
182,NAO_INFORMADO,9,0.5294117647058824,0.39215686274509803,0.6840793243293523
182,RJ,2,0.11764705882352941,0.0196078431372549,0.05517728913197158
182,SP,1,0.058823529411764705,0.0392156862745098,0.054581984596495145
183,AM,2,0.06896551724137931,0.058333333333333334,0.03570250115488682
183,AP,1,0.034482758620689655,0.008333333333333333,0.014386590114168811
183,BA,3,0.10344827586206896,0.26666666666666666,0.05107899425856266
183,ES,1,0.034482758620689655,0.03333333333333333,0.02273477199234475
183,MG,5,0.1724137931034483,0.05,0.07747640731208341
183,NAO_INFORMADO,3,0.10344827586206896,0.16666666666666666,0.47696825711080315
183,PA,3,0.10344827586206896,0.24166666666666667,0.08107305484062562
183,PE,2,0.06896551724137931,0.016666666666666666,0.03976110341186564
183,PR,1,0.034482758620689655,0.016666666666666666,0.010163004025605491
183,RJ,3,0.10344827586206896,0.06666666666666667,0.07807034910578763
183,RN,1,0.034482758620689655,0.016666666666666666,0.018016234409027915
183,RO,1,0.034482758620689655,0.025,0.01864317296904903
183,RR,1,0.034482758620689655,0.008333333333333333,0.014386590114168811
183,SP,2,0.06896551724137931,0.025,0.06153896918102026
184,NAO_INFORMADO,9,0.6923076923076923,0.4146341463414634,0.7773820124666073
184,PA,1,0.07692307692307693,0.024390243902439025,0.01566183018176104
184,PR,1,0.07692307692307693,0.024390243902439025,0.014038028390340998
184,RJ,1,0.07692307692307693,0.024390243902439025,0.01964276360588759
184,SP,1,0.07692307692307693,0.5121951219512195,0.17327536535540308
185,CE,1,0.1,0.046511627906976744,0.014088983050847458
185,NAO_INFORMADO,8,0.8,0.4883720930232558,0.8630296610169491
185,PE,1,0.1,0.46511627906976744,0.1228813559322034
186,MG,1,0.1111111111111111,0.07407407407407407,0.0668052853980817
186,NAO_INFORMADO,6,0.6666666666666666,0.4074074074074074,0.6926688577369374
186,RJ,1,0.1111111111111111,0.48148148148148145,0.1843181970621772
186,RR,1,0.1111111111111111,0.037037037037037035,0.05620765980280368
187,CE,1,0.05263157894736842,0.2222222222222222,0.1890576786138144
187,DF,1,0.05263157894736842,0.3148148148148148,0.08099928791834797
187,NAO_INFORMADO,17,0.8947368421052632,0.46296296296296297,0.7299430334678376
188,MG,1,0.1111111111111111,0.5,0.10804312982660644
188,NAO_INFORMADO,8,0.8888888888888888,0.5,0.8919568701733935
189,NAO_INFORMADO,4,0.8,0.4827586206896552,0.8105464597065702
189,RS,1,0.2,0.5172413793103449,0.18945354029342973
190,DF,1,0.07142857142857142,0.38,0.13850174216027875
190,NAO_INFORMADO,10,0.7142857142857143,0.44,0.7912891986062718
190,PA,1,0.07142857142857142,0.08,0.023635307781649247
190,PE,1,0.07142857142857142,0.06,0.016144018583042975
190,RJ,1,0.07142857142857142,0.04,0.030429732868757258
191,AP,1,0.09090909090909091,0.038461538461538464,0.02069334147831399
191,NAO_INFORMADO,9,0.8181818181818182,0.5,0.896609651802077
191,SP,1,0.09090909090909091,0.46153846153846156,0.08269700671960904
192,BA,1,0.16666666666666666,0.5128205128205128,0.23284313725490197
192,NAO_INFORMADO,4,0.6666666666666666,0.4358974358974359,0.6265138408304498
192,SP,1,0.16666666666666666,0.05128205128205128,0.14064302191464823
193,BA,1,0.08333333333333333,0.019230769230769232,0.020253588316525087
193,NAO_INFORMADO,9,0.75,0.4423076923076923,0.7153617608904883
193,SC,1,0.08333333333333333,0.23076923076923078,0.13516340963300832
193,SP,1,0.08333333333333333,0.3076923076923077,0.12922124115997824
194,MT,1,0.1111111111111111,0.15625,0.10974734996413485
194,NAO_INFORMADO,6,0.6666666666666666,0.28125,0.7086156053239818
194,RJ,1,0.1111111111111111,0.03125,0.02000478201960628
194,SP,1,0.1111111111111111,0.53125,0.16163226269227704
195,NAO_INFORMADO,3,0.75,0.4782608695652174,0.7834783591366256
195,RS,1,0.25,0.5217391304347826,0.2165216408633744
196,NAO_INFORMADO,3,0.75,0.47058823529411764,0.5910661717650071
196,PI,1,0.25,0.5294117647058824,0.40893382823499297
197,NAO_INFORMADO,9,0.75,0.39285714285714285,0.8633304067895815
197,PA,1,0.08333333333333333,0.14285714285714285,0.03845478489903424
197,PR,1,0.08333333333333333,0.42857142857142855,0.04190810652619257
197,SP,1,0.08333333333333333,0.03571428571428571,0.05630670178519169
198,CE,1,0.1,0.5128205128205128,0.18929543392803144
198,NAO_INFORMADO,9,0.9,0.48717948717948717,0.8107045660719685
199,AP,2,0.06451612903225806,0.025974025974025976,0.019344682213565292
199,BA,1,0.03225806451612903,0.025974025974025976,0.047147659960510166
199,CE,4,0.12903225806451613,0.11168831168831168,0.06462457975345536
199,DF,1,0.03225806451612903,0.38181818181818183,0.1074763861465393
199,ES,1,0.03225806451612903,0.025974025974025976,0.02219969048508458
199,MA,2,0.06451612903225806,0.023376623376623377,0.03636800256150275
199,MG,6,0.1935483870967742,0.07532467532467532,0.07962004375900528
199,NAO_INFORMADO,1,0.03225806451612903,0.19220779220779222,0.39700624366294895
199,PR,2,0.06451612903225806,0.012987012987012988,0.02179945568066599
199,RJ,4,0.12903225806451613,0.05714285714285714,0.06673248305672662
199,RS,1,0.03225806451612903,0.005194805194805195,0.00048028176530231066
199,SC,1,0.03225806451612903,0.005194805194805195,0.012007044132557767
199,SP,5,0.16129032258064516,0.05714285714285714,0.12519344682213565
200,AP,1,0.1,0.025,0.017750648986178348
200,DF,1,0.1,0.5,0.2321616501789097
200,NAO_INFORMADO,8,0.8,0.475,0.7500877008349119
201,CE,2,0.041666666666666664,0.011627906976744186,0.03163621801510695
201,DF,3,0.0625,0.0377906976744186,0.04565226397116699
201,ES,1,0.020833333333333332,0.0029069767441860465,0.007608710661861165
201,MG,1,0.020833333333333332,0.0029069767441860465,0.018352044409461865
201,MS,1,0.020833333333333332,0.0029069767441860465,0.005896405540135603
201,MT,1,0.020833333333333332,0.01744186046511628,0.012787052763853791
201,NAO_INFORMADO,29,0.6041666666666666,0.3633720930232558,0.5440711435160253
201,PB,1,0.020833333333333332,0.03488372093023256,0.028874435560710884
201,PR,1,0.020833333333333332,0.0029069767441860465,0.01358796967562865
201,RJ,1,0.020833333333333332,0.00872093023255814,0.020326718864355053
201,RN,1,0.020833333333333332,0.005813953488372093,0.010204786168993469
201,RS,3,0.0625,0.47093023255813954,0.2263280721377577
201,SC,1,0.020833333333333332,0.020348837209302327,0.018959636549429
201,SE,1,0.020833333333333332,0.011627906976744186,0.00370078848889073
201,SP,1,0.020833333333333332,0.005813953488372093,0.012013753676622892
202,BA,1,0.16666666666666666,0.5,0.3165623221400114
202,NAO_INFORMADO,5,0.8333333333333334,0.5,0.6834376778599887
203,CE,1,0.1111111111111111,0.03125,0.11432706222865413
203,GO,1,0.1111111111111111,0.09375,0.12445730824891461
203,MG,1,0.1111111111111111,0.46875,0.11631693198263386
203,NAO_INFORMADO,5,0.5555555555555556,0.375,0.6089001447178003
203,PB,1,0.1111111111111111,0.03125,0.035998552821997105
204,AC,1,0.125,0.52,0.05769956951891851
204,NAO_INFORMADO,6,0.75,0.44,0.8943433275432369
204,SP,1,0.125,0.04,0.047957102937844574
205,AC,1,0.05555555555555555,0.3333333333333333,0.11963076006848805
205,AL,1,0.05555555555555555,0.01282051282051282,0.025980793568078614
205,MS,1,0.05555555555555555,0.01282051282051282,0.028511873743765355
205,MT,1,0.05555555555555555,0.07692307692307693,0.04500111665301869
205,NAO_INFORMADO,11,0.6111111111111112,0.2564102564102564,0.5662547457753294
205,RN,1,0.05555555555555555,0.02564102564102564,0.019020323084940075
205,RS,1,0.05555555555555555,0.2692307692307692,0.1733789920345418
205,SC,1,0.05555555555555555,0.01282051282051282,0.02222139507183801
206,MG,1,0.05555555555555555,0.5348837209302325,0.20750136253282467
206,NAO_INFORMADO,16,0.8888888888888888,0.4418604651162791,0.7671803002526879
206,PR,1,0.05555555555555555,0.023255813953488372,0.02531833721448744
